	input	category	prediction
0	A cake was blessed by the wolf .	active_to_passive	cake ( 12 ) ; wolf ( 34 ) ; bless ( 27 ) AND theme ( 27 , 12 ) AND agent ( 27 , 34 )
1	A melon was blessed by a boy .	active_to_passive	melon ( 12 ) ; boy ( 34 ) ; bless ( 27 ) AND theme ( 27 , 12 ) AND agent ( 27 , 34 )
2	A cake was blessed by Nathan .	active_to_passive	cake ( 12 ) ; Nathan ( 34 ) ; bless ( 27 ) AND theme ( 27 , 12 ) AND agent ( 27 , 34 )
3	The bowl was blessed by a girl .	active_to_passive	bowl ( 12 ) ; girl ( 34 ) ; bless ( 27 ) AND theme ( 27 , 12 ) AND agent ( 27 , 34 )
4	The teacher believed that the toy was blessed by Mia .	active_to_passive	teacher ( 12 ) ; toy ( 34 ) ; Mia ( 27 ) ; believe ( 19 ) AND agent ( 19 , 12 ) AND ccomp ( 19 , 38 ) AND bless ( 38 ) AND theme ( 38 , 34 ) AND agent ( 38 , 27 )
5	The radio was blessed .	active_to_passive	radio ( 12 ) ; bless ( 27 ) AND theme ( 27 , 12 )
6	A raisin was blessed by Sofia .	active_to_passive	raisin ( 12 ) ; Sofia ( 34 ) ; bless ( 27 ) AND theme ( 27 , 12 ) AND agent ( 27 , 34 )
7	A pencil was blessed .	active_to_passive	pencil ( 12 ) ; bless ( 27 ) AND theme ( 27 , 12 )
8	A donut was blessed by a horse .	active_to_passive	donut ( 12 ) ; horse ( 34 ) ; bless ( 27 ) AND theme ( 27 , 12 ) AND agent ( 27 , 34 )
9	A rose was blessed .	active_to_passive	rose ( 12 ) ; bless ( 27 ) AND theme ( 27 , 12 )
10	Emma said that the drink was blessed by a girl .	active_to_passive	Emma ( 12 ) ; drink ( 34 ) ; * girl ( 27 ) ; say ( 19 ) AND agent ( 19 , 12 ) AND ccomp ( 19 , 53 ) AND bless ( 53 ) AND theme ( 53 , 34 ) AND agent ( 53 , 27 )
11	The needle was blessed .	active_to_passive	needle ( 12 ) ; bless ( 27 ) AND theme ( 27 , 12 )
12	The banana was blessed by the dog .	active_to_passive	banana ( 12 ) ; dog ( 34 ) ; bless ( 27 ) AND theme ( 27 , 12 ) AND agent ( 27 , 34 )
13	The cake was blessed by a cat .	active_to_passive	cake ( 12 ) ; cat ( 34 ) ; bless ( 27 ) AND theme ( 27 , 12 ) AND agent ( 27 , 34 )
14	A shoe was blessed .	active_to_passive	shoe ( 12 ) ; bless ( 27 ) AND theme ( 27 , 12 )
15	The box was blessed by Benjamin .	active_to_passive	box ( 12 ) ; Benjamin ( 34 ) ; bless ( 27 ) AND theme ( 27 , 12 ) AND agent ( 27 , 34 )
16	A melon was blessed by a goose .	active_to_passive	melon ( 12 ) ; goose ( 34 ) ; bless ( 27 ) AND theme ( 27 , 12 ) AND agent ( 27 , 34 )
17	Aria respected that the liver was blessed by Emma .	active_to_passive	Aria ( 12 ) ; liver ( 34 ) ; Emma ( 27 ) ; bless ( 19 ) AND theme ( 19 , 34 ) AND agent ( 19 , 27 ) AND agent ( 19 , 12 )
18	The cake was blessed by Emma .	active_to_passive	cake ( 12 ) ; Emma ( 34 ) ; bless ( 27 ) AND theme ( 27 , 12 ) AND agent ( 27 , 34 )
19	A rose was blessed by a boy .	active_to_passive	rose ( 12 ) ; boy ( 34 ) ; bless ( 27 ) AND theme ( 27 , 12 ) AND agent ( 27 , 34 )
20	Emma believed that a student liked that a chicken valued that the child proved that Jacob believed that a boy believed that a duck burned a cake .	cp_recursion	Emma ( 12 ) ; student ( 34 ) ; like ( 27 ) AND theme ( 27 , 34 ) AND agent ( 27 , 12 ) ; chicken ( 19 ) ; value ( 20 ) AND theme ( 20 , 19 ) AND agent ( 20 , 34 ) ; child ( 52 ) ; prove ( 38 ) AND theme ( 38 , 52 ) AND agent ( 38 , 19 ) ; Jacob ( 27 ) ; believe ( 41
21	A chicken believed that Ellie liked that Olivia expected that a boy admired that a cat valued that Emma appreciated that Liam hoped that Ava said that Isaac liked that a creature declared that the dog liked that a cake was fed to a girl .	cp_recursion	chicken ( 52 ) ; Ellie ( 48 ) ; Olivia ( 42 ) ; boy ( 37 ) ; cat ( 31 ) ; Emma ( 26 ) ; Liam ( 21 ) ; Ava ( 16 ) ; Isaac ( 11 ) ; creature ( 6 ) ; dog ( 1 ) ; cake ( 57 ) ; * girl ( 53 ) ; believe ( 51 ) AND agent ( 51 , 52 ) AND ccomp ( 51 , 48 ) AND like ( 47 ) AND agent ( 47 , 42 ) AND ccomp ( 47 , 37 ) AND expect
22	The pig liked that Levi liked that the dog supported that Sophia wished that the girl imagined that the cat liked that the baby liked that Logan noticed that the president meant that Emma admired that a horse passed the donut on a carpet on a table to Olivia .	cp_recursion	* pig ( 52 ) ; Levi ( 48 ) ; * dog ( 42 ) ; Sophia ( 38 ) ; * girl ( 34 ) ; * cat ( 30 ) ; * baby ( 26 ) ; Logan ( 22 ) ; president ( 18 ) ; Emma ( 14 ) ; * horse ( 10 ) ; * donut ( 6 ) ; * carpet ( 2 ) ; * table ( 0 ) ; Olivia ( 56 ) ; like ( 54 ) AND theme ( 54
23	Henry said that a cat believed that Lucas noticed that the baby respected that a boy liked that Emma hoped that a child liked that Leah admired that a girl was fed a jar in the house by Noah .	cp_recursion	Henry ( 12 ) ; cat ( 34 ) ; Lucas ( 27 ) ; baby ( 19 ) ; boy ( 8 ) ; Emma ( 42 ) ; child ( 53 ) ; Leah ( 61 ) ; girl ( 71 ) ; jar ( 81 ) ; house ( 91 ) ; Noah ( 101 ) ; say ( 13 ) AND agent ( 13 , 12 ) AND ccomp ( 13 , 23 ) AND believe ( 23 ) AND agent ( 23 , 34 ) AND ccomp ( 23 , 33 ) AND notice ( 33 ) AND agent (
24	The boy meant that the poet liked that a squirrel proved that William respected that a bird hoped that Hannah hoped that Liam liked that the cake changed .	cp_recursion	* boy ( 12 ) ; poet ( 34 ) ; squirrel ( 27 ) ; William ( 19 ) ; bird ( 8 ) ; Hannah ( 42 ) ; Liam ( 56 ) ; cake ( 71 ) ; mean ( 13 ) AND agent ( 13 , 12 ) AND ccomp ( 13 , 34 ) AND like ( 20 ) AND agent ( 20 , 34 ) AND ccomp ( 20 , 27 ) AND prove ( 25 ) AND agent ( 25 , 27 ) AND ccomp ( 25 , 19 ) AND respect ( 30 ) AND
25	Emma thought that Olivia noticed that James noticed that the duke liked that Mila meant that Natalie said that a teacher noticed that Noah hoped that Amelia proved that Audrey liked that a donut was painted by a student .	cp_recursion	Emma ( 12 ) ; Olivia ( 34 ) ; James ( 27 ) ; duke ( 19 ) ; Mila ( 20 ) ; Natalie ( 21 ) ; say ( 22 ) ; teacher ( 23 ) ; Noah ( 24 ) ; Amelia ( 25 ) ; prove ( 26 ) ; Audrey ( 28 ) ; like ( 29 ) ; donut ( 30 ) ; paint ( 31 ) ; student ( 32 ) ; think ( 33 ) AND agent ( 33 , 12 ) AND ccomp ( 33 , 34 ) AND notice ( 34 ) AND agent
26	Emma liked that the lion liked that Abigail said that Sebastian liked that Matthew hoped that the donut burned .	cp_recursion	Emma ( 12 ) ; lion ( 34 ) ; Abigail ( 27 ) ; Sebastian ( 19 ) ; Matthew ( 8 ) ; donut ( 52 ) ; burn ( 4 ) AND theme ( 4 , 52 ) AND hope ( 3 ) AND theme ( 3 , 52 ) AND like ( 7 ) AND theme ( 7 , 3 ) AND say ( 6 ) AND agent ( 6 , 27 ) AND ccomp ( 6 , 7 ) AND like ( 9 ) AND theme ( 9 , 7 ) AND say ( 10 ) AND agent
27	A boy confessed that the professor imagined that Jacob liked that a girl liked that Liam respected that Ava wanted to sleep .	cp_recursion	boy ( 12 ) ; professor ( 34 ) ; Jacob ( 27 ) ; girl ( 19 ) ; Liam ( 42 ) ; Ava ( 8 ) ; confess ( 13 ) AND agent ( 13 , 12 ) AND ccomp ( 13 , 53 ) AND imagine ( 53 ) AND agent ( 53 , 34 ) AND ccomp ( 53 , 67 ) AND like ( 67 ) AND agent ( 67 , 27 ) AND ccomp ( 67 , 79 )
28	Olivia admired that Sophia hoped that Noah expected that the rose was rolled by Emma .	cp_recursion	Olivia ( 12 ) ; admire ( 34 ) AND agent ( 34 , 12 ) AND ccomp ( 34 , 27 ) AND hope ( 27 ) AND agent ( 27 , 12 ) AND ccomp ( 27 , 19 ) AND expect ( 19 ) AND agent ( 19 , 12 ) AND ccomp ( 19 , 53 ) AND roll ( 53 ) AND theme ( 53 , 38 ) AND agent ( 53 , 6 )
29	The scientist declared that William said that Daniel liked that the game was eaten by Aria .	cp_recursion	scientist ( 12 ) ; William ( 34 ) ; Daniel ( 27 ) ; like ( 19 ) ; Aria ( 8 ) ; game ( 52 ) ; eat ( 13 ) ; declare ( 20 ) AND agent ( 20 , 12 ) AND ccomp ( 20 , 39 ) AND say ( 39 ) AND agent ( 39 , 34 ) AND ccomp ( 39 , 53 ) AND like ( 53 ) AND agent ( 53 , 27 ) AND ccomp ( 53 , 41 ) AND eat ( 41 ) AND agent ( 41 ,
30	Olivia admired that a girl liked that Ava said that a bee admired that the citizen noticed that William noticed that Noah hoped that Liam confessed that Emma hoped that Lucas appreciated that the tool froze .	cp_recursion	Olivia ( 1 ) ; * girl ( 2 ) ; like ( 3 ) AND theme ( 3 , 2 ) AND agent ( 3 , 1 ) AND say ( 4 ) AND agent ( 4 , 1 ) AND admire ( 5 ) AND agent ( 5 , 1 ) AND theme ( 5 , 2 ) AND say ( 6 ) AND agent ( 6 , 1 ) AND admire ( 7 ) AND agent ( 7 , 1 ) AND theme ( 7 ,
31	Elizabeth liked that the girl hoped that Liam thought that a mouse said that a teacher liked that Isabella liked that Emma floated .	cp_recursion	Elizabeth ( 12 ) ; * girl ( 34 ) ; Liam ( 27 ) ; * mouse ( 19 ) ; * teacher ( 8 ) ; Isabella ( 42 ) ; Emma ( 56 ) ; like ( 13 ) AND theme ( 13 , 34 ) AND agent ( 13 , 12 ) AND hope ( 20 ) AND agent ( 20 , 34 ) AND theme ( 20 , 27 ) AND think ( 25 ) AND agent ( 25 , 27
32	A dog confessed that a child said that James said that Victoria hoped that the goose expected that the guard declared that the puppy valued that Benjamin valued that Liam said that the boy believed that a girl noticed that Olivia changed Emma .	cp_recursion	dog ( 12 ) ; child ( 34 ) ; James ( 27 ) ; Victoria ( 19 ) ; goose ( 20 ) ; guard ( 21 ) ; puppy ( 22 ) ; Benjamin ( 23 ) ; Liam ( 24 ) ; boy ( 25 ) ; girl ( 26 ) ; Olivia ( 28 ) ; Emma ( 29 ) ; confess ( 30 ) AND agent ( 30 , 12 ) AND say ( 31 ) AND agent ( 31 , 34 ) AND hope ( 32 ) AND agent ( 32 , 27 ) AND expect ( 33 )
33	Emma believed that the citizen wished that the chicken thought that a girl liked that a butterfly rolled .	cp_recursion	Emma ( 12 ) ; citizen ( 34 ) ; chicken ( 27 ) ; girl ( 19 ) ; butterfly ( 8 ) ; believe ( 13 ) AND agent ( 13 , 12 ) AND ccomp ( 13 , 39 ) AND wish ( 39 ) AND agent ( 39 , 34 ) AND ccomp ( 39 , 53 ) AND think ( 53 ) AND agent ( 53 , 27 ) AND ccomp ( 53 , 61 ) AND like ( 61 ) AND agent ( 61 , 19 ) AND ccomp ( 61 ,
34	A cat liked that Luna hoped that Emma liked that Olivia liked that Liam appreciated that the bear floated .	cp_recursion	cat ( 52 ) ; Luna ( 37 ) ; Emma ( 48 ) ; Olivia ( 24 ) ; Liam ( 16 ) ; bear ( 9 ) ; float ( 3 ) AND theme ( 3 , 9 ) AND agent ( 3 , 16 ) AND like ( 5 ) AND agent ( 5 , 52 ) AND theme ( 5 , 37 ) AND hope ( 7 ) AND agent ( 7 , 37 ) AND theme ( 7 , 48 ) AND like (
35	The judge liked that Emma declared that a patient said that Isabella believed that Liam hoped that Olivia liked that the child liked that a girl hoped that Oliver liked that the king was given a cake .	cp_recursion	judge ( 12 ) ; like ( 34 ) AND theme ( 34 , 12 ) AND declare ( 27 ) AND agent ( 27 , 12 ) AND say ( 19 ) AND agent ( 19 , 27 ) AND believe ( 15 ) AND agent ( 15 , 19 ) AND hope ( 10 ) AND agent ( 10 , 15 ) AND like ( 8 ) AND agent ( 8 , 10 ) AND like ( 6 ) AND agent ( 6 , 8 ) AND like ( 4 ) AND
36	The fly confessed that the cat admired that the customer wished that a priest believed that the baby liked that the bottle was given to a horse by the father .	cp_recursion	* fly ( 59 ) ; * cat ( 23 ) ; * customer ( 12 ) ; * priest ( 45 ) ; * baby ( 38 ) ; * bottle ( 17 ) ; * horse ( 9 ) ; * father ( 5 ) ; confess ( 13 ) AND agent ( 13 , 59 ) AND ccomp ( 13 , 23 ) AND admire ( 27 ) AND agent ( 27 , 23 ) AND ccomp ( 27 , 12 ) AND wish ( 34 ) AND agent ( 34 , 12 ) AND ccomp ( 34
37	The bear admired that a bird liked that Emma liked that the child proved that Liam liked that Isabella liked that the dog said that Avery hoped that Leah proved that the boy liked that the girl tolerated that a cake froze .	cp_recursion	bear ( 12 ) ; bird ( 34 ) ; like ( 27 ) AND theme ( 27 , 34 ) AND agent ( 27 , 12 ) AND admire ( 19 ) AND theme ( 19 , 27 ) AND agent ( 19 , 34 ) AND prove ( 8 ) AND theme ( 8 , 19 ) AND agent ( 8 , 34 ) AND like ( 3 ) AND theme ( 3 , 8 ) AND agent ( 3 , 12 ) AND say ( 7 ) AND agent ( 7 ,
38	Emma liked that Ella liked that Liam respected that Oliver noticed that a girl imagined that Bella meant that Ava said that a hero was awarded the cake on the truck in the crib in the room .	cp_recursion	Emma ( 12 ) ; Ella ( 34 ) ; Liam ( 27 ) ; Oliver ( 19 ) ; girl ( 20 ) ; Bella ( 53 ) ; Ava ( 38 ) ; hero ( 41 ) ; cake ( 59 ) ; truck ( 13 ) ; crib ( 17 ) ; room ( 3 ) ; like ( 35 ) AND theme ( 35 , 53 ) AND agent ( 35 , 34 ) AND like ( 27 ) AND theme ( 27 , 35 ) AND agent ( 27 , 12 ) AND
39	Levi liked that Emma declared that the girl wished that a lawyer liked that the turtle imagined that a monkey liked that Charlotte ate .	cp_recursion	Levi ( 12 ) ; Emma ( 34 ) ; girl ( 27 ) ; lawyer ( 19 ) ; turtle ( 42 ) ; monkey ( 8 ) ; Charlotte ( 56 ) ; like ( 13 ) AND theme ( 13 , 34 ) AND agent ( 13 , 12 ) AND declare ( 20 ) AND agent ( 20 , 34 ) AND wish ( 25 ) AND agent ( 25 , 27 ) AND like (
40	Noah teleported a lollipop beside the box to a girl .	do_dative_to_pp_dative	Noah ( 12 ) ; lollipop ( 34 ) ; box ( 27 ) ; girl ( 19 ) ; teleport ( 8 ) AND theme ( 8 , 34 ) AND recipient ( 8 , 19 ) AND agent ( 8 , 12 ) AND nmod . beside ( 34 , 27 )
41	The girl teleported the donut in the house to the cat .	do_dative_to_pp_dative	girl ( 12 ) ; donut ( 34 ) ; * house ( 27 ) ; * cat ( 19 ) ; teleport ( 20 ) AND agent ( 20 , 12 ) AND theme ( 20 , 34 ) AND recipient ( 20 , 19 ) AND nmod . in ( 34 , 27 )
42	Emma teleported a cake to a dog .	do_dative_to_pp_dative	Emma ( 12 ) ; cake ( 34 ) ; dog ( 27 ) ; teleport ( 19 ) AND theme ( 19 , 34 ) AND recipient ( 19 , 27 ) AND agent ( 19 , 12 )
43	Olivia teleported a mandarin to the cat .	do_dative_to_pp_dative	Olivia ( 12 ) ; mandarin ( 34 ) ; cat ( 27 ) ; teleport ( 19 ) AND theme ( 19 , 34 ) AND recipient ( 19 , 27 ) AND agent ( 19 , 12 )
44	The cat teleported a crown on a table to Emma .	do_dative_to_pp_dative	cat ( 12 ) ; crown ( 34 ) ; table ( 27 ) ; Emma ( 19 ) ; teleport ( 8 ) AND theme ( 8 , 34 ) AND recipient ( 8 , 19 ) AND agent ( 8 , 12 ) AND nmod . on ( 34 , 27 )
45	The child teleported the glue on a tree to Olivia .	do_dative_to_pp_dative	child ( 12 ) ; glue ( 34 ) ; * tree ( 27 ) ; Olivia ( 19 ) ; teleport ( 8 ) AND agent ( 8 , 12 ) AND theme ( 8 , 34 ) AND recipient ( 8 , 19 ) AND nmod . on ( 34 , 27 )
46	Joshua teleported the cookie beside the box to a girl .	do_dative_to_pp_dative	Joshua ( 12 ) ; cookie ( 34 ) ; box ( 27 ) ; girl ( 19 ) ; teleport ( 20 ) AND agent ( 20 , 12 ) AND theme ( 20 , 34 ) AND nmod . beside ( 34 , 27 ) AND recipient ( 20 , 19 )
47	A monkey teleported the cake to Ava .	do_dative_to_pp_dative	monkey ( 12 ) ; cake ( 34 ) ; Ava ( 27 ) ; teleport ( 19 ) AND theme ( 19 , 34 ) AND recipient ( 19 , 27 ) AND agent ( 19 , 12 )
48	The dog teleported a cookie on a table to Harper .	do_dative_to_pp_dative	dog ( 12 ) ; cookie ( 34 ) ; table ( 27 ) ; Harper ( 19 ) ; teleport ( 8 ) AND theme ( 8 , 34 ) AND recipient ( 8 , 19 ) AND agent ( 8 , 12 ) AND nmod . on ( 34 , 27 )
49	Liam teleported the cookie in a car to a boy .	do_dative_to_pp_dative	Liam ( 12 ) ; cookie ( 34 ) ; car ( 27 ) ; boy ( 19 ) ; teleport ( 20 ) AND agent ( 20 , 12 ) AND theme ( 20 , 34 ) AND location ( 20 , 27 ) AND recipient ( 20 , 19 )
50	Liam teleported the box beside the stage to a tourist .	do_dative_to_pp_dative	Liam ( 12 ) ; box ( 34 ) ; stage ( 27 ) ; tourist ( 19 ) ; teleport ( 20 ) AND agent ( 20 , 12 ) AND theme ( 20 , 34 ) AND recipient ( 20 , 19 )
51	Sophia teleported the cake on a table to a girl .	do_dative_to_pp_dative	Sophia ( 12 ) ; cake ( 34 ) ; table ( 27 ) ; girl ( 19 ) ; teleport ( 8 ) AND agent ( 8 , 12 ) AND theme ( 8 , 34 ) AND location ( 8 , 27 ) AND recipient ( 8 , 19 )
52	Julian teleported the cookie beside the table to a girl .	do_dative_to_pp_dative	Julian ( 12 ) ; cookie ( 34 ) ; table ( 27 ) ; girl ( 19 ) ; teleport ( 20 ) AND agent ( 20 , 12 ) AND theme ( 20 , 34 ) AND location ( 20 , 27 ) AND recipient ( 20 , 19 )
53	Emma teleported the potato beside the stool to the girl .	do_dative_to_pp_dative	Emma ( 12 ) ; potato ( 34 ) ; stool ( 27 ) ; * girl ( 19 ) ; teleport ( 20 ) AND agent ( 20 , 12 ) AND theme ( 20 , 34 ) AND location ( 20 , 27 ) AND recipient ( 20 , 19 )
54	The lawyer hoped that the tourist believed that Ava teleported the cake beside the table to the girl .	do_dative_to_pp_dative	lawyer ( 12 ) ; tourist ( 34 ) ; Ava ( 27 ) ; cake ( 19 ) ; table ( 52 ) ; girl ( 48 ) ; hope ( 8 ) AND agent ( 8 , 12 ) AND theme ( 8 , 34 ) AND believe ( 16 ) AND agent ( 16 , 34 ) AND ccomp ( 16 , 19 ) AND teleport ( 24 ) AND agent ( 24 , 27 ) AND theme ( 24 , 19 ) AND nmod . beside ( 19 , 52 )
55	Emma teleported the donut to Benjamin .	do_dative_to_pp_dative	Emma ( 12 ) ; donut ( 34 ) ; Benjamin ( 27 ) ; teleport ( 19 ) AND theme ( 19 , 34 ) AND recipient ( 19 , 27 ) AND agent ( 19 , 12 )
56	Luna teleported a cake to Sophia .	do_dative_to_pp_dative	Luna ( 12 ) ; cake ( 34 ) ; Sophia ( 27 ) ; teleport ( 19 ) AND theme ( 19 , 34 ) AND recipient ( 19 , 27 ) AND agent ( 19 , 12 )
57	The boy teleported a newspaper beside a road to the mouse .	do_dative_to_pp_dative	boy ( 12 ) ; newspaper ( 34 ) ; road ( 27 ) ; mouse ( 19 ) ; teleport ( 8 ) AND agent ( 8 , 12 ) AND theme ( 8 , 34 ) AND recipient ( 8 , 19 ) AND nmod . beside ( 34 , 27 )
58	Emma teleported the cake in a room to the boy .	do_dative_to_pp_dative	Emma ( 12 ) ; cake ( 34 ) ; room ( 27 ) ; boy ( 19 ) ; teleport ( 20 ) AND agent ( 20 , 12 ) AND theme ( 20 , 34 ) AND location ( 20 , 27 ) AND recipient ( 20 , 19 )
59	Liam teleported the raisin to a baby .	do_dative_to_pp_dative	Liam ( 12 ) ; raisin ( 34 ) ; baby ( 27 ) ; teleport ( 19 ) AND theme ( 19 , 34 ) AND recipient ( 19 , 27 ) AND agent ( 19 , 12 )
60	A cat baked a girl on the desk .	obj_omitted_transitive_to_transitive	cat ( 12 ) ; girl ( 34 ) ; desk ( 27 ) ; bake ( 19 ) AND theme ( 19 , 34 ) AND agent ( 19 , 12 ) AND location ( 19 , 27 )
61	Natalie respected that the girl baked the box .	obj_omitted_transitive_to_transitive	Natalie ( 12 ) ; * girl ( 34 ) ; * box ( 27 ) ; respect ( 19 ) AND agent ( 19 , 12 ) AND ccomp ( 19 , 35 ) AND bake ( 35 ) AND agent ( 35 , 34 ) AND theme ( 35 , 27 )
62	Emma baked the cookie .	obj_omitted_transitive_to_transitive	Emma ( 12 ) ; cookie ( 34 ) ; bake ( 27 ) AND agent ( 27 , 12 ) AND theme ( 27 , 34 )
63	A sailor baked a cake .	obj_omitted_transitive_to_transitive	sailor ( 12 ) ; cake ( 34 ) ; bake ( 27 ) AND agent ( 27 , 12 ) AND theme ( 27 , 34 )
64	Jackson baked Jayden .	obj_omitted_transitive_to_transitive	Jackson ( 12 ) ; Jayden ( 34 ) ; bake ( 27 ) AND agent ( 27 , 12 ) AND theme ( 27 , 34 )
65	Liam baked a girl on a table .	obj_omitted_transitive_to_transitive	Liam ( 12 ) ; girl ( 34 ) ; table ( 27 ) ; bake ( 19 ) AND agent ( 19 , 12 ) AND theme ( 19 , 34 ) AND location ( 19 , 27 )
66	Emma baked Christopher .	obj_omitted_transitive_to_transitive	Emma ( 12 ) ; Christopher ( 34 ) ; bake ( 27 ) AND agent ( 27 , 12 ) AND theme ( 27 , 34 )
67	The cat baked the frog on the table .	obj_omitted_transitive_to_transitive	* cat ( 12 ) ; * frog ( 34 ) ; * table ( 27 ) ; bake ( 19 ) AND agent ( 19 , 12 ) AND theme ( 19 , 34 ) AND nmod . on ( 19 , 27 )
68	Emma baked the drink beside the stool .	obj_omitted_transitive_to_transitive	Emma ( 12 ) ; drink ( 34 ) ; stool ( 27 ) ; bake ( 19 ) AND agent ( 19 , 12 ) AND theme ( 19 , 34 ) AND nmod . beside ( 19 , 27 )
69	Emma baked Hannah .	obj_omitted_transitive_to_transitive	Emma ( 12 ) ; Hannah ( 34 ) ; bake ( 27 ) AND agent ( 27 , 12 ) AND theme ( 27 , 34 )
70	Olivia baked the tool beside the table .	obj_omitted_transitive_to_transitive	Olivia ( 12 ) ; tool ( 34 ) ; * table ( 27 ) ; bake ( 19 ) AND agent ( 19 , 12 ) AND theme ( 19 , 34 ) AND nmod . beside ( 19 , 27 )
71	A girl baked the boy in the trap .	obj_omitted_transitive_to_transitive	girl ( 12 ) ; boy ( 34 ) ; trap ( 27 ) ; bake ( 19 ) AND agent ( 19 , 12 ) AND theme ( 19 , 34 ) AND location ( 19 , 27 )
72	A girl liked that the patient baked a donut on a windowsill .	obj_omitted_transitive_to_transitive	girl ( 12 ) ; patient ( 34 ) ; donut ( 27 ) ; windowsill ( 19 ) ; like ( 20 ) AND agent ( 20 , 12 ) AND theme ( 20 , 34 ) AND bake ( 35 ) AND agent ( 35 , 34 ) AND theme ( 35 , 27 ) AND nmod . on ( 35 , 19 )
73	Benjamin hoped that a teacher baked the boy .	obj_omitted_transitive_to_transitive	Benjamin ( 12 ) ; * teacher ( 34 ) ; * boy ( 27 ) ; hope ( 19 ) AND agent ( 19 , 12 ) AND ccomp ( 19 , 35 ) AND bake ( 35 ) AND agent ( 35 , 34 ) AND theme ( 35 , 27 )
74	Aiden baked Liam .	obj_omitted_transitive_to_transitive	Aiden ( 12 ) ; Liam ( 34 ) ; bake ( 27 ) AND agent ( 27 , 12 ) AND theme ( 27 , 34 )
75	The frog baked a cake .	obj_omitted_transitive_to_transitive	frog ( 12 ) ; cake ( 34 ) ; bake ( 27 ) AND agent ( 27 , 12 ) AND theme ( 27 , 34 )
76	Emma baked the donut beside a table .	obj_omitted_transitive_to_transitive	Emma ( 12 ) ; donut ( 34 ) ; * table ( 27 ) ; bake ( 19 ) AND agent ( 19 , 12 ) AND theme ( 19 , 34 ) AND nmod . beside ( 19 , 27 )
77	Carter baked Emma .	obj_omitted_transitive_to_transitive	Carter ( 12 ) ; Emma ( 34 ) ; bake ( 27 ) AND agent ( 27 , 12 ) AND theme ( 27 , 34 )
78	The president baked a cake in a vehicle .	obj_omitted_transitive_to_transitive	president ( 12 ) ; cake ( 34 ) ; vehicle ( 27 ) ; bake ( 19 ) AND theme ( 19 , 34 ) AND agent ( 19 , 12 ) AND location ( 19 , 27 )
79	The spokesman baked a pig .	obj_omitted_transitive_to_transitive	spokesman ( 12 ) ; pig ( 34 ) ; bake ( 27 ) AND agent ( 27 , 12 ) AND theme ( 27 , 34 )
80	A strawberry beside a machine was thrown by a lion on a box .	obj_pp_to_subj_pp	strawberry ( 12 ) ; machine ( 34 ) ; lion ( 27 ) ; box ( 19 ) ; beside ( 20 ) AND theme ( 20 , 12 ) AND agent ( 20 , 27 ) AND on ( 35 ) AND theme ( 35 , 19 ) AND throw ( 35 )
81	The boy on a towel gave the frog the cake on a booklet .	obj_pp_to_subj_pp	* boy ( 12 ) ; towel ( 34 ) ; frog ( 27 ) ; cake ( 19 ) ; booklet ( 42 ) ; nmod . on ( 12 , 34 ) AND nmod . on ( 19 , 42 ) AND give ( 35 ) AND agent ( 35 , 12 ) AND theme ( 35 , 19 ) AND recipient ( 35 , 27 )
82	The bird in a box was awarded a ball by the girl beside the machine .	obj_pp_to_subj_pp	bird ( 12 ) ; * box ( 34 ) ; award ( 27 ) ; * ball ( 19 ) ; * girl ( 8 ) ; * machine ( 42 ) ; nmod . in ( 12 , 34 ) AND nmod . beside ( 19 , 42 ) AND award ( 27 ) AND theme ( 27 , 12 ) AND recipient ( 27 , 19 ) AND agent ( 27 , 8 )
83	A producer on a table was given the pumpkin beside a cabinet .	obj_pp_to_subj_pp	producer ( 12 ) ; table ( 34 ) ; pumpkin ( 27 ) ; cabinet ( 19 ) ; give ( 8 ) AND theme ( 8 , 27 ) AND recipient ( 8 , 12 ) AND nmod . beside ( 27 , 19 )
84	The friend in a house beside a stage needed to sneeze .	obj_pp_to_subj_pp	* friend ( 12 ) ; * house ( 34 ) ; * stage ( 27 ) ; nmod . in ( 12 , 34 ) AND nmod . beside ( 12 , 27 ) AND need ( 19 ) AND agent ( 19 , 12 ) AND sneeze ( 19 )
85	The cake on the bed was rolled by the girl in a tin .	obj_pp_to_subj_pp	cake ( 12 ) ; * bed ( 34 ) ; roll ( 27 ) ; * girl ( 19 ) ; * tin ( 42 ) ; nmod . on ( 12 , 34 ) AND nmod . in ( 19 , 42 ) AND agent ( 27 , 19 ) AND theme ( 27 , 12 ) AND agent ( 27 , 19 )
86	The boy in a bush liked Ryan .	obj_pp_to_subj_pp	* boy ( 12 ) ; * bush ( 34 ) ; Ryan ( 27 ) ; nmod . in ( 12 , 34 ) AND like ( 19 ) AND agent ( 19 , 12 ) AND theme ( 19 , 27 )
87	The basket on the keyboard was eaten .	obj_pp_to_subj_pp	* basket ( 12 ) ; * keyboard ( 34 ) ; eat ( 27 ) AND theme ( 27 , 12 ) AND nmod . on ( 12 , 34 )
88	The chief beside the skull rolled Grace .	obj_pp_to_subj_pp	chief ( 12 ) ; skull ( 34 ) ; Grace ( 27 ) ; beside ( 19 ) AND theme ( 19 , 34 ) AND agent ( 19 , 12 ) AND recipient ( 19 , 27 )
89	The duck beside a table was served the flag .	obj_pp_to_subj_pp	duck ( 12 ) ; * table ( 34 ) ; flag ( 27 ) ; nmod . beside ( 12 , 34 ) AND serve ( 19 ) AND agent ( 19 , 12 ) AND theme ( 19 , 27 )
90	The moose on the computer liked James .	obj_pp_to_subj_pp	moose ( 12 ) ; * computer ( 34 ) ; James ( 27 ) ; like ( 19 ) AND theme ( 19 , 12 ) AND agent ( 19 , 27 ) AND nmod . on ( 12 , 34 )
91	The boy beside a yacht cleaned .	obj_pp_to_subj_pp	boy ( 12 ) ; yacht ( 34 ) ; clean ( 27 ) AND agent ( 27 , 12 ) AND nmod . beside ( 27 , 34 )
92	A cat on the computer noticed that the teacher beside the book valued the boy .	obj_pp_to_subj_pp	cat ( 12 ) ; * computer ( 34 ) ; notice ( 27 ) AND agent ( 27 , 12 ) AND theme ( 27 , 34 ) AND teacher ( 19 ) ; * book ( 42 ) ; value ( 35 ) AND agent ( 35 , 19 ) AND theme ( 35 , 13 ) AND beside ( 35 , 42 ) AND boy ( 13 )
93	The cake on a bed was rolled .	obj_pp_to_subj_pp	cake ( 12 ) ; * bed ( 34 ) ; roll ( 27 ) AND theme ( 27 , 12 ) AND nmod . on ( 12 , 34 )
94	The cookie beside a bed was disintegrated by a father in the cupboard .	obj_pp_to_subj_pp	cookie ( 12 ) ; bed ( 34 ) ; father ( 27 ) ; cupboard ( 19 ) ; disintegrate ( 8 ) AND theme ( 8 , 12 ) AND agent ( 8 , 27 ) AND nmod . beside ( 12 , 34 ) AND nmod . in ( 27 , 19 )
95	A rose beside a table was eaten by a king in the house .	obj_pp_to_subj_pp	rose ( 12 ) ; table ( 34 ) ; king ( 27 ) ; house ( 19 ) ; eat ( 20 ) AND theme ( 20 , 12 ) AND agent ( 20 , 27 ) AND nmod . beside ( 12 , 34 ) AND nmod . in ( 27 , 19 )
96	The cake in the room was seen .	obj_pp_to_subj_pp	cake ( 12 ) ; * room ( 34 ) ; see ( 27 ) AND theme ( 27 , 12 ) AND nmod . in ( 27 , 34 )
97	A girl in the house forwarded Victoria a gumball in the shoe .	obj_pp_to_subj_pp	girl ( 12 ) ; * house ( 34 ) ; Victoria ( 27 ) ; * gumball ( 19 ) ; * shoe ( 42 ) ; nmod . in ( 12 , 34 ) AND nmod . in ( 19 , 42 ) AND forward ( 20 ) AND agent ( 20 , 12 ) AND theme ( 20 , 19 ) AND recipient ( 20 , 27 )
98	The raisin beside the table was valued by a bear beside a stage .	obj_pp_to_subj_pp	raisin ( 12 ) ; table ( 34 ) ; bear ( 27 ) ; stage ( 19 ) ; value ( 8 ) AND theme ( 8 , 12 ) AND agent ( 8 , 27 ) AND nmod . beside ( 12 , 34 ) AND nmod . beside ( 27 , 19 )
99	A horse in the house was given the hammer beside a bed .	obj_pp_to_subj_pp	horse ( 12 ) ; * house ( 34 ) ; hammer ( 27 ) ; * bed ( 19 ) ; nmod . in ( 12 , 34 ) AND nmod . beside ( 27 , 19 ) AND give ( 20 ) AND agent ( 20 , 12 ) AND theme ( 20 , 27 ) AND recipient ( 20 , 19 )
100	A cockroach cleaned the cookie on a sock .	obj_to_subj_common	cockroach ( 12 ) ; cookie ( 34 ) ; sock ( 27 ) ; clean ( 19 ) AND theme ( 19 , 34 ) AND agent ( 19 , 12 ) AND nmod . on ( 34 , 27 )
101	The cockroach slid a guest .	obj_to_subj_common	cockroach ( 12 ) ; guest ( 34 ) ; slide ( 27 ) AND agent ( 27 , 12 ) AND theme ( 27 , 34 )
102	The cockroach lended the girl the cake .	obj_to_subj_common	cockroach ( 12 ) ; girl ( 34 ) ; cake ( 27 ) ; lend ( 19 ) AND agent ( 19 , 12 ) AND recipient ( 19 , 34 ) AND theme ( 19 , 27 )
103	A cockroach burned the sandwich .	obj_to_subj_common	cockroach ( 12 ) ; sandwich ( 34 ) ; burn ( 27 ) AND agent ( 27 , 12 ) AND theme ( 27 , 34 )
104	The cockroach lended the child a cake .	obj_to_subj_common	cockroach ( 12 ) ; child ( 34 ) ; cake ( 27 ) ; lend ( 19 ) AND agent ( 19 , 12 ) AND recipient ( 19 , 34 ) AND theme ( 19 , 27 )
105	The cockroach split Isabella .	obj_to_subj_common	cockroach ( 12 ) ; Isabella ( 34 ) ; split ( 27 ) AND agent ( 27 , 12 ) AND theme ( 27 , 34 )
106	A cockroach fed the girl the cake .	obj_to_subj_common	cockroach ( 12 ) ; girl ( 34 ) ; cake ( 27 ) ; feed ( 19 ) AND agent ( 19 , 12 ) AND recipient ( 19 , 34 ) AND theme ( 19 , 27 )
107	William hoped that a cockroach ate .	obj_to_subj_common	William ( 12 ) ; cockroach ( 34 ) ; eat ( 27 ) AND agent ( 27 , 34 ) AND hope ( 19 ) AND agent ( 19 , 12 ) AND ccomp ( 19 , 27 )
108	A cockroach observed .	obj_to_subj_common	cockroach ( 12 ) ; observe ( 34 ) AND agent ( 34 , 12 )
109	The cockroach passed a judge the donut on the stage .	obj_to_subj_common	cockroach ( 12 ) ; judge ( 34 ) ; donut ( 27 ) ; stage ( 19 ) ; pass ( 20 ) AND agent ( 20 , 12 ) AND theme ( 20 , 27 ) AND recipient ( 20 , 34 ) AND nmod . on ( 27 , 19 )
110	A girl hoped that the cockroach gave a cake beside the bed to a cat .	obj_to_subj_common	girl ( 12 ) ; cockroach ( 34 ) ; cake ( 27 ) ; bed ( 19 ) ; cat ( 42 ) ; hope ( 8 ) AND agent ( 8 , 12 ) AND ccomp ( 8 , 53 ) AND give ( 53 ) AND agent ( 53 , 34 ) AND theme ( 53 , 27 ) AND recipient ( 53 , 42 ) AND nmod . beside ( 27 , 19 )
111	A cockroach liked the cake .	obj_to_subj_common	cockroach ( 12 ) ; cake ( 34 ) ; like ( 27 ) AND agent ( 27 , 12 ) AND theme ( 27 , 34 )
112	The cockroach lended Charlotte the cookie .	obj_to_subj_common	cockroach ( 12 ) ; Charlotte ( 34 ) ; cookie ( 27 ) ; lend ( 19 ) AND agent ( 19 , 12 ) AND recipient ( 19 , 34 ) AND theme ( 19 , 27 )
113	The cockroach passed Emma a cake .	obj_to_subj_common	cockroach ( 12 ) ; Emma ( 34 ) ; cake ( 27 ) ; pass ( 19 ) AND theme ( 19 , 27 ) AND recipient ( 19 , 34 ) AND agent ( 19 , 12 )
114	The cockroach studied .	obj_to_subj_common	cockroach ( 12 ) ; study ( 34 ) AND theme ( 34 , 12 )
115	A cockroach painted Lucas .	obj_to_subj_common	cockroach ( 12 ) ; Lucas ( 34 ) ; paint ( 27 ) AND agent ( 27 , 12 ) AND theme ( 27 , 34 )
116	Nora said that the cockroach painted the box on a table .	obj_to_subj_common	Nora ( 12 ) ; * cockroach ( 34 ) ; * box ( 27 ) ; * table ( 19 ) ; say ( 8 ) AND agent ( 8 , 12 ) AND ccomp ( 8 , 53 ) AND paint ( 53 ) AND agent ( 53 , 34 ) AND theme ( 53 , 27 ) AND nmod . on ( 27 , 19 )
117	Emma liked that the cockroach ate .	obj_to_subj_common	Emma ( 12 ) ; cockroach ( 34 ) ; like ( 27 ) AND agent ( 27 , 12 ) AND theme ( 27 , 34 )
118	A cockroach liked a strawberry on the mattress .	obj_to_subj_common	cockroach ( 12 ) ; strawberry ( 34 ) ; mattress ( 27 ) ; like ( 19 ) AND theme ( 19 , 34 ) AND nmod . on ( 34 , 27 ) AND agent ( 19 , 12 )
119	The girl said that the cockroach dreamed to read .	obj_to_subj_common	girl ( 12 ) ; cockroach ( 34 ) ; say ( 27 ) AND agent ( 27 , 12 ) AND ccomp ( 27 , 19 ) AND dream ( 19 ) AND theme ( 19 , 34 ) AND read ( 19 )
120	Charlie offered a flag beside a trophy to Liam .	obj_to_subj_proper	Charlie ( 12 ) ; flag ( 34 ) ; trophy ( 27 ) ; Liam ( 19 ) ; offer ( 20 ) AND theme ( 20 , 34 ) AND recipient ( 20 , 19 ) AND nmod . beside ( 34 , 27 )
121	Charlie studied a shell in the house .	obj_to_subj_proper	Charlie ( 12 ) ; shell ( 34 ) ; * house ( 27 ) ; study ( 19 ) AND agent ( 19 , 12 ) AND theme ( 19 , 34 ) AND nmod . in ( 19 , 27 )
122	Charlie rolled the doll .	obj_to_subj_proper	Charlie ( 12 ) ; doll ( 34 ) ; roll ( 27 ) AND agent ( 27 , 12 ) AND theme ( 27 , 34 )
123	Charlie helped a donut on the table .	obj_to_subj_proper	Charlie ( 12 ) ; donut ( 34 ) ; table ( 27 ) ; help ( 19 ) AND theme ( 19 , 34 ) AND agent ( 19 , 12 ) AND location ( 19 , 27 )
124	Charlie ate the cookie on a table .	obj_to_subj_proper	Charlie ( 12 ) ; cookie ( 34 ) ; table ( 27 ) ; eat ( 19 ) AND agent ( 19 , 12 ) AND theme ( 19 , 34 ) AND nmod . on ( 34 , 27 )
125	Charlie gave the cake on a seat to the girl .	obj_to_subj_proper	Charlie ( 12 ) ; cake ( 34 ) ; seat ( 27 ) ; * girl ( 19 ) ; give ( 20 ) AND agent ( 20 , 12 ) AND theme ( 20 , 34 ) AND recipient ( 20 , 19 ) AND nmod . on ( 34 , 27 )
126	Charlie inflated Lily .	obj_to_subj_proper	Charlie ( 12 ) ; Lily ( 34 ) ; inflate ( 27 ) AND agent ( 27 , 12 ) AND theme ( 27 , 34 )
127	Charlie gave a cookie to a girl .	obj_to_subj_proper	Charlie ( 12 ) ; cookie ( 34 ) ; girl ( 27 ) ; give ( 19 ) AND agent ( 19 , 12 ) AND theme ( 19 , 34 ) AND recipient ( 19 , 27 )
128	Charlie ate the girl on a stage .	obj_to_subj_proper	Charlie ( 12 ) ; girl ( 34 ) ; stage ( 27 ) ; eat ( 19 ) AND agent ( 19 , 12 ) AND theme ( 19 , 34 ) AND location ( 19 , 27 )
129	Charlie offered Savannah the cake on a bed .	obj_to_subj_proper	Charlie ( 12 ) ; Savannah ( 34 ) ; cake ( 27 ) ; bed ( 19 ) ; offer ( 20 ) AND agent ( 20 , 12 ) AND recipient ( 20 , 34 ) AND theme ( 20 , 27 ) AND location ( 20 , 19 )
130	Charlie rolled Isabella .	obj_to_subj_proper	Charlie ( 12 ) ; Isabella ( 34 ) ; roll ( 27 ) AND agent ( 27 , 12 ) AND theme ( 27 , 34 )
131	Charlie liked Harper .	obj_to_subj_proper	Charlie ( 12 ) ; Harper ( 34 ) ; like ( 27 ) AND agent ( 27 , 12 ) AND theme ( 27 , 34 )
132	Charlie liked the crystal in a car .	obj_to_subj_proper	Charlie ( 12 ) ; crystal ( 34 ) ; * car ( 27 ) ; like ( 19 ) AND theme ( 19 , 34 ) AND agent ( 19 , 12 ) AND nmod . in ( 34 , 27 )
133	Charlie fed the zebra the nail .	obj_to_subj_proper	Charlie ( 12 ) ; zebra ( 34 ) ; nail ( 27 ) ; feed ( 19 ) AND agent ( 19 , 12 ) AND recipient ( 19 , 34 ) AND theme ( 19 , 27 )
134	Charlie gave the puppy the chemical .	obj_to_subj_proper	Charlie ( 12 ) ; puppy ( 34 ) ; chemical ( 27 ) ; give ( 19 ) AND agent ( 19 , 12 ) AND recipient ( 19 , 34 ) AND theme ( 19 , 27 )
135	Thomas said that Charlie ate the cookie .	obj_to_subj_proper	Thomas ( 12 ) ; Charlie ( 34 ) ; cookie ( 27 ) ; say ( 19 ) AND agent ( 19 , 12 ) AND ccomp ( 19 , 27 ) AND eat ( 27 ) AND agent ( 27 , 34 )
136	Charlie inflated the cake on a table .	obj_to_subj_proper	Charlie ( 12 ) ; cake ( 34 ) ; table ( 27 ) ; inflate ( 19 ) AND agent ( 19 , 12 ) AND theme ( 19 , 34 ) AND location ( 19 , 27 )
137	Charlie sketched the girl in the car .	obj_to_subj_proper	Charlie ( 12 ) ; girl ( 34 ) ; car ( 27 ) ; sketch ( 19 ) AND agent ( 19 , 12 ) AND theme ( 19 , 34 ) AND nmod . in ( 19 , 27 )
138	Charlie painted a girl beside a table .	obj_to_subj_proper	Charlie ( 12 ) ; girl ( 34 ) ; table ( 27 ) ; paint ( 19 ) AND agent ( 19 , 12 ) AND theme ( 19 , 34 ) AND nmod . beside ( 19 , 27 )
139	Charlie helped a cake beside a beast .	obj_to_subj_proper	Charlie ( 12 ) ; cake ( 34 ) ; * beast ( 27 ) ; help ( 19 ) AND theme ( 19 , 34 ) AND agent ( 19 , 12 ) AND nmod . beside ( 34 , 27 )
140	A coach liked that the cobra rolled .	only_seen_as_transitive_subj_as_unacc_subj	coach ( 12 ) ; * cobra ( 34 ) ; like ( 27 ) AND theme ( 27 , 34 ) AND agent ( 27 , 12 ) AND roll ( 19 ) AND theme ( 19 , 34 )
141	Emma declared that a cobra split .	only_seen_as_transitive_subj_as_unacc_subj	Emma ( 12 ) ; cobra ( 34 ) ; split ( 27 ) AND agent ( 27 , 34 ) AND declare ( 19 ) AND agent ( 19 , 12 ) AND ccomp ( 19 , 27 )
142	Lily wished that the cobra floated .	only_seen_as_transitive_subj_as_unacc_subj	Lily ( 12 ) ; * cobra ( 34 ) ; wish ( 27 ) AND agent ( 27 , 12 ) AND ccomp ( 27 , 53 ) AND float ( 53 ) AND theme ( 53 , 34 )
143	Amelia supported that the cobra rolled .	only_seen_as_transitive_subj_as_unacc_subj	Amelia ( 12 ) ; * cobra ( 34 ) ; support ( 27 ) AND agent ( 27 , 12 ) AND ccomp ( 27 , 34 ) AND roll ( 34 )
144	Emily confessed that a cobra burned .	only_seen_as_transitive_subj_as_unacc_subj	Emily ( 12 ) ; * cobra ( 34 ) ; confess ( 27 ) AND agent ( 27 , 12 ) AND ccomp ( 27 , 53 ) AND burn ( 53 ) AND theme ( 53 , 34 )
145	The dog tolerated that the cobra rolled .	only_seen_as_transitive_subj_as_unacc_subj	dog ( 12 ) ; cobra ( 34 ) ; roll ( 27 ) AND theme ( 27 , 34 ) AND tolerate ( 19 ) AND agent ( 19 , 12 ) AND ccomp ( 19 , 27 )
146	Ella dreamed that the cobra slid .	only_seen_as_transitive_subj_as_unacc_subj	Ella ( 12 ) ; * cobra ( 34 ) ; dream ( 27 ) AND agent ( 27 , 12 ) AND ccomp ( 27 , 39 ) AND slide ( 39 ) AND theme ( 39 , 34 )
147	A girl respected that the cobra rolled .	only_seen_as_transitive_subj_as_unacc_subj	girl ( 12 ) ; * cobra ( 34 ) ; roll ( 27 ) AND theme ( 27 , 34 ) AND agent ( 27 , 34 ) AND respect ( 19 ) AND agent ( 19 , 12 ) AND ccomp ( 19 , 27 )
148	Elijah wished that the cobra froze .	only_seen_as_transitive_subj_as_unacc_subj	Elijah ( 12 ) ; * cobra ( 34 ) ; wish ( 27 ) AND agent ( 27 , 12 ) AND theme ( 27 , 34 ) AND freeze ( 19 ) AND theme ( 19 , 34 )
149	A governor believed that a cobra burned .	only_seen_as_transitive_subj_as_unacc_subj	governor ( 12 ) ; cobra ( 34 ) ; burn ( 27 ) AND theme ( 27 , 34 ) AND believe ( 19 ) AND agent ( 19 , 12 ) AND ccomp ( 19 , 27 )
150	The coach liked that the cobra froze .	only_seen_as_transitive_subj_as_unacc_subj	coach ( 12 ) ; * cobra ( 34 ) ; like ( 27 ) AND theme ( 27 , 34 ) AND agent ( 27 , 12 ) AND freeze ( 19 ) AND theme ( 19 , 34)
151	The girl liked that a cobra froze .	only_seen_as_transitive_subj_as_unacc_subj	girl ( 12 ) ; like ( 27 ) AND agent ( 27 , 12 ) AND ccomp ( 27 , 34 ) AND freeze ( 34 ) AND theme ( 34 , 48 )
152	A cobra burned .	only_seen_as_transitive_subj_as_unacc_subj	cobra ( 12 ) ; burn ( 34 ) AND theme ( 34 , 12 )
153	Olivia hoped that a cobra froze .	only_seen_as_transitive_subj_as_unacc_subj	Olivia ( 12 ) ; * cobra ( 34 ) ; hope ( 27 ) AND agent ( 27 , 12 ) AND ccomp ( 27 , 53 ) AND freeze ( 53 ) AND theme ( 53 , 34 )
154	A girl liked that a cobra burned .	only_seen_as_transitive_subj_as_unacc_subj	girl ( 12 ) ; cobra ( 34 ) ; like ( 27 ) AND theme ( 27 , 34 ) AND agent ( 27 , 34 )
155	Savannah liked that a cobra burned .	only_seen_as_transitive_subj_as_unacc_subj	Savannah ( 12 ) ; cobra ( 34 ) ; burn ( 27 ) AND agent ( 27 , 34 ) AND liked ( 19 ) AND agent ( 19 , 12 ) AND ccomp ( 19 , 27 )
156	Emma admired that a cobra decomposed .	only_seen_as_transitive_subj_as_unacc_subj	Emma ( 12 ) ; cobra ( 34 ) ; decompose ( 27 ) AND agent ( 27 , 12 ) AND theme ( 27 , 34 )
157	Emma said that a cobra froze .	only_seen_as_transitive_subj_as_unacc_subj	Emma ( 12 ) ; cobra ( 34 ) ; say ( 27 ) AND agent ( 27 , 12 ) AND ccomp ( 27 , 45 ) AND freeze ( 45 ) AND theme ( 45 , 34 )
158	A girl supported that a cobra collapsed .	only_seen_as_transitive_subj_as_unacc_subj	girl ( 12 ) ; cobra ( 34 ) ; support ( 27 ) AND agent ( 27 , 12 ) AND theme ( 27 , 34 ) AND collapse ( 19 ) AND theme ( 19 , 34)
159	Liam noticed that a cobra froze .	only_seen_as_transitive_subj_as_unacc_subj	Liam ( 12 ) ; cobra ( 34 ) ; notice ( 27 ) AND agent ( 27 , 12 ) AND theme ( 27 , 34 ) OR freeze ( 19 ) AND theme ( 19 , 34 )
160	Claire hoped that the hippo drew .	only_seen_as_unacc_subj_as_obj_omitted_transitive_subj	Claire ( 12 ) ; * hippo ( 34 ) ; hope ( 27 ) AND agent ( 27 , 12 ) AND ccomp ( 27 , 53 ) AND draw ( 53 ) AND theme ( 53 , 34 )
161	A girl said that the hippo sketched .	only_seen_as_unacc_subj_as_obj_omitted_transitive_subj	girl ( 12 ) ; hippo ( 34 ) ; say ( 27 ) AND agent ( 27 , 12 ) AND ccomp ( 27 , 19 ) AND sketch ( 19 ) AND theme ( 19 , 34 )
162	A baby hoped that a hippo sketched .	only_seen_as_unacc_subj_as_obj_omitted_transitive_subj	baby ( 12 ) ; hippo ( 34 ) ; sketch ( 27 ) AND agent ( 27 , 34 ) AND hope ( 19 ) AND agent ( 19 , 12 ) AND ccomp ( 19 , 27 )
163	The cat liked that a hippo called .	only_seen_as_unacc_subj_as_obj_omitted_transitive_subj	cat ( 12 ) ; * hippo ( 34 ) ; like ( 27 ) AND theme ( 27 , 34 ) AND agent ( 27 , 12 ) AND call ( 19 ) AND agent ( 19 , 34 )
164	A puppy noticed that a hippo painted .	only_seen_as_unacc_subj_as_obj_omitted_transitive_subj	puppy ( 12 ) ; hippo ( 34 ) ; paint ( 27 ) AND agent ( 27 , 34 ) AND notice ( 19 ) AND agent ( 19 , 12 ) AND ccomp ( 19 , 27 )
165	The hero imagined that a hippo cooked .	only_seen_as_unacc_subj_as_obj_omitted_transitive_subj	hero ( 12 ) ; hippo ( 34 ) ; cook ( 27 ) AND agent ( 27 , 34 ) AND ccomp ( 12 , 53 ) AND imagine ( 53 ) AND theme ( 53 , 27 )
166	Emma admired that a hippo packed .	only_seen_as_unacc_subj_as_obj_omitted_transitive_subj	Emma ( 12 ) ; hippo ( 34 ) ; admire ( 27 ) AND agent ( 27 , 12 ) AND theme ( 27 , 34 )
167	The journalist believed that the hippo ate .	only_seen_as_unacc_subj_as_obj_omitted_transitive_subj	journalist ( 12 ) ; hippo ( 34 ) ; believe ( 27 ) AND agent ( 27 , 12 ) AND ccomp ( 27 , 45 ) AND eat ( 45 ) AND theme ( 45 , 34 )
168	The child hoped that the hippo investigated .	only_seen_as_unacc_subj_as_obj_omitted_transitive_subj	child ( 12 ) ; hippo ( 34 ) ; hope ( 27 ) AND agent ( 27 , 12 ) AND investigate ( 19 ) AND agent ( 19 , 34)
169	The teacher liked that a hippo ate .	only_seen_as_unacc_subj_as_obj_omitted_transitive_subj	teacher ( 12 ) ; hippo ( 34 ) ; like ( 27 ) AND theme ( 27 , 34 ) AND agent ( 27 , 12 ) AND eat ( 19 ) AND agent ( 19 , 34)
170	Mia wished that the hippo ate .	only_seen_as_unacc_subj_as_obj_omitted_transitive_subj	Mia ( 12 ) ; * hippo ( 34 ) ; wish ( 27 ) AND agent ( 27 , 12 ) AND ccomp ( 27 , 53 ) AND eat ( 53 ) AND theme ( 53 , 34 )
171	Olivia dreamed that the hippo ate .	only_seen_as_unacc_subj_as_obj_omitted_transitive_subj	Olivia ( 12 ) ; * hippo ( 34 ) ; dream ( 27 ) AND agent ( 27 , 12 ) AND ccomp ( 27 , 53 ) AND eat ( 53 ) AND theme ( 53 , 34 )
172	The boy noticed that a hippo painted .	only_seen_as_unacc_subj_as_obj_omitted_transitive_subj	boy ( 12 ) ; hippo ( 34 ) ; notice ( 27 ) AND agent ( 27 , 12 ) AND ccomp ( 27 , 34 ) AND paint ( 19 ) AND agent ( 19 , 34)
173	A hippo juggled .	only_seen_as_unacc_subj_as_obj_omitted_transitive_subj	hippo ( 12 ) ; juggle ( 34 ) AND agent ( 34 , 12 )
174	The boy admired that a hippo ate .	only_seen_as_unacc_subj_as_obj_omitted_transitive_subj	boy ( 12 ) ; hippo ( 34 ) ; admire ( 27 ) AND agent ( 27 , 12 ) AND theme ( 27 , 34 ) AND eat ( 19 ) AND agent ( 19 , 34 )
175	Isabella confessed that a hippo painted .	only_seen_as_unacc_subj_as_obj_omitted_transitive_subj	Isabella ( 12 ) ; hippo ( 34 ) ; paint ( 27 ) AND agent ( 27 , 34 ) AND confess ( 19 ) AND agent ( 19 , 12 ) AND ccomp ( 19 , 27 )
176	Mia said that a hippo packed .	only_seen_as_unacc_subj_as_obj_omitted_transitive_subj	Mia ( 12 ) ; hippo ( 34 ) ; pack ( 27 ) AND agent ( 27 , 12 ) AND theme ( 27 , 34 )
177	Emma liked that a hippo noticed .	only_seen_as_unacc_subj_as_obj_omitted_transitive_subj	Emma ( 12 ) ; hippo ( 34 ) ; like ( 27 ) AND agent ( 27 , 12 ) AND ccomp ( 27 , 34 ) AND notice ( 19 ) AND agent ( 19 , 34 )
178	Noah liked that Liam meant that the hippo packed .	only_seen_as_unacc_subj_as_obj_omitted_transitive_subj	Noah ( 12 ) ; Liam ( 34 ) ; hippo ( 27 ) ; like ( 19 ) AND theme ( 19 , 27 ) AND agent ( 19 , 12 ) AND mean ( 27 ) AND agent ( 27 , 34 ) AND pack ( 42 ) AND agent ( 42 , 27)
179	A bird liked that a hippo nursed .	only_seen_as_unacc_subj_as_obj_omitted_transitive_subj	bird ( 12 ) ; hippo ( 34 ) ; like ( 27 ) AND theme ( 27 , 34 ) AND agent ( 27 , 12 ) AND nurse ( 19 ) AND agent ( 19 , 34 )
180	Liam liked that the hippo walked .	only_seen_as_unacc_subj_as_unerg_subj	Liam ( 12 ) ; * hippo ( 34 ) ; like ( 27 ) AND theme ( 27 , 34 ) AND agent ( 27 , 12 )
181	A girl proved that a hippo stuttered .	only_seen_as_unacc_subj_as_unerg_subj	girl ( 12 ) ; hippo ( 34 ) ; stutter ( 27 ) AND theme ( 27 , 34 ) AND agent ( 27 , 12 )
182	A boy noticed that the hippo talked .	only_seen_as_unacc_subj_as_unerg_subj	boy ( 12 ) ; hippo ( 34 ) ; notice ( 27 ) AND agent ( 27 , 12 ) AND ccomp ( 27 , 34 ) AND talk ( 19 ) AND agent ( 19 , 34)
183	Emma supported that the hippo talked .	only_seen_as_unacc_subj_as_unerg_subj	Emma ( 12 ) ; hippo ( 34 ) ; talk ( 27 ) AND agent ( 27 , 34 ) AND theme ( 27 , 34 )
184	A girl valued that the hippo slept .	only_seen_as_unacc_subj_as_unerg_subj	girl ( 12 ) ; hippo ( 34 ) ; value ( 27 ) AND agent ( 27 , 12 ) AND ccomp ( 27 , 34 ) AND sleep ( 19 ) AND theme ( 19 , 34 )
185	Isabella proved that a hippo sneezed .	only_seen_as_unacc_subj_as_unerg_subj	Isabella ( 12 ) ; hippo ( 34 ) ; sneeze ( 27 ) AND agent ( 27 , 34 ) AND prove ( 19 ) AND agent ( 19 , 12 ) AND ccomp ( 19 , 27 )
186	Olivia liked that a hippo screamed .	only_seen_as_unacc_subj_as_unerg_subj	Olivia ( 12 ) ; hippo ( 34 ) ; scream ( 27 ) AND agent ( 27 , 34 ) AND like ( 19 ) AND agent ( 19 , 12 ) AND theme ( 19 , 27 )
187	A professor believed that a hippo cried .	only_seen_as_unacc_subj_as_unerg_subj	professor ( 12 ) ; hippo ( 34 ) ; cry ( 27 ) AND theme ( 27 , 34 ) AND believer ( 27 , 12 )
188	Emma appreciated that the hippo scoffed .	only_seen_as_unacc_subj_as_unerg_subj	Emma ( 12 ) ; hippo ( 34 ) ; appreciate ( 27 ) AND agent ( 27 , 12 ) AND ccomp ( 27 , 34 ) AND scoff ( 19 ) AND theme ( 19 , 34 )
189	The dog noticed that a hippo ran .	only_seen_as_unacc_subj_as_unerg_subj	dog ( 12 ) ; hippo ( 34 ) ; run ( 27 ) AND agent ( 27 , 34 ) AND notice ( 19 ) AND agent ( 19 , 12 ) AND ccomp ( 19 , 27 )
190	Liam said that the hippo sneezed .	only_seen_as_unacc_subj_as_unerg_subj	Liam ( 12 ) ; hippo ( 34 ) ; say ( 27 ) AND agent ( 27 , 12 ) AND ccomp ( 27 , 45 ) AND sneeze ( 45 ) AND theme ( 45 , 34 )
191	A girl hoped that a hippo slept .	only_seen_as_unacc_subj_as_unerg_subj	girl ( 12 ) ; hippo ( 34 ) ; hope ( 27 ) AND agent ( 27 , 12 ) AND ccomp ( 27 , 34 ) AND sleep ( 19 ) AND theme ( 19 , 34)
192	A prisoner believed that the hippo slept .	only_seen_as_unacc_subj_as_unerg_subj	prisoner ( 12 ) ; hippo ( 34 ) ; sleep ( 27 ) AND theme ( 27 , 34 ) AND believer ( 27 , 12 )
193	Noah liked that a hippo smiled .	only_seen_as_unacc_subj_as_unerg_subj	Noah ( 12 ) ; hippo ( 34 ) ; smile ( 27 ) AND agent ( 27 , 34 ) AND like ( 19 ) AND agent ( 19 , 12 ) AND theme ( 19 , 27 )
194	The girl expected that a hippo snoozed .	only_seen_as_unacc_subj_as_unerg_subj	girl ( 12 ) ; * hippo ( 34 ) ; expect ( 27 ) AND agent ( 27 , 12 ) AND ccomp ( 27 , 19 ) AND snooze ( 19 ) AND theme ( 19 , 34 )
195	A boy appreciated that the hippo slept .	only_seen_as_unacc_subj_as_unerg_subj	boy ( 12 ) ; hippo ( 34 ) ; appreciate ( 27 ) AND agent ( 27 , 12 ) AND ccomp ( 27 , 34 ) AND sleep ( 19 ) AND theme ( 19 , 34)
196	Jacob noticed that the hippo smiled .	only_seen_as_unacc_subj_as_unerg_subj	Jacob ( 12 ) ; * hippo ( 34 ) ; notice ( 27 ) AND agent ( 27 , 12 ) AND ccomp ( 27 , 19 ) AND smile ( 19 ) AND theme ( 19 , 34 )
197	A girl believed that a hippo jogged .	only_seen_as_unacc_subj_as_unerg_subj	girl ( 12 ) ; hippo ( 34 ) ; jog ( 27 ) AND agent ( 27 , 34 ) AND believer ( 27 , 12 )
198	The doctor liked that a hippo jogged .	only_seen_as_unacc_subj_as_unerg_subj	doctor ( 12 ) ; hippo ( 34 ) ; jog ( 27 ) AND agent ( 27 , 34 ) AND theme ( 27 , 34 ) AND like ( 19 ) AND agent ( 19 , 12 ) AND ccomp ( 19 , 27 )
199	The dog expected that a hippo slept .	only_seen_as_unacc_subj_as_unerg_subj	dog ( 12 ) ; hippo ( 34 ) ; sleep ( 27 ) AND theme ( 27 , 34 ) AND expect ( 19 ) AND agent ( 19 , 12 ) AND ccomp ( 19 , 27 )
200	Emma squeezed a donut .	passive_to_active	Emma ( 12 ) ; donut ( 34 ) ; squeeze ( 27 ) AND agent ( 27 , 12 ) AND theme ( 27 , 34 )
201	Mason liked that Emma squeezed the cake beside a book .	passive_to_active	Mason ( 12 ) ; Emma ( 34 ) ; cake ( 27 ) ; book ( 19 ) ; like ( 8 ) AND agent ( 8 , 12 ) AND theme ( 8 , 27 ) AND squeeze ( 15 ) AND agent ( 15 , 34 ) AND theme ( 15 , 27 ) AND nmod . beside ( 15 , 19 )
202	Leah meant that Emma squeezed the rose beside the piano .	passive_to_active	Leah ( 12 ) ; Emma ( 34 ) ; rose ( 27 ) ; piano ( 19 ) ; mean ( 8 ) AND agent ( 8 , 12 ) AND ccomp ( 8 , 13 ) AND squeeze ( 13 ) AND agent ( 13 , 34 ) AND theme ( 13 , 27 ) AND nmod . beside ( 27 , 19 )
203	Nora squeezed Benjamin .	passive_to_active	Nora ( 12 ) ; Benjamin ( 34 ) ; squeeze ( 27 ) AND agent ( 27 , 12 ) AND theme ( 27 , 34 )
204	The girl squeezed a book on a table .	passive_to_active	girl ( 12 ) ; book ( 34 ) ; table ( 27 ) ; squeeze ( 19 ) AND agent ( 19 , 12 ) AND theme ( 19 , 34 ) AND location ( 19 , 27 )
205	The frog squeezed Emma .	passive_to_active	frog ( 12 ) ; Emma ( 34 ) ; squeeze ( 27 ) AND agent ( 27 , 12 ) AND theme ( 27 , 34 )
206	A cat squeezed Amelia .	passive_to_active	cat ( 12 ) ; Amelia ( 34 ) ; squeeze ( 27 ) AND agent ( 27 , 12 ) AND theme ( 27 , 34 )
207	A monkey squeezed Emma .	passive_to_active	monkey ( 12 ) ; Emma ( 34 ) ; squeeze ( 27 ) AND agent ( 27 , 12 ) AND theme ( 27 , 34 )
208	Olivia squeezed a fish on the crack .	passive_to_active	Olivia ( 12 ) ; fish ( 34 ) ; crack ( 27 ) ; squeeze ( 19 ) AND agent ( 19 , 12 ) AND theme ( 19 , 34 ) AND location ( 19 , 27 )
209	Amelia squeezed a beer .	passive_to_active	Amelia ( 12 ) ; beer ( 34 ) ; squeeze ( 27 ) AND agent ( 27 , 12 ) AND theme ( 27 , 34 )
210	Ethan squeezed the girl in the garden .	passive_to_active	Ethan ( 12 ) ; girl ( 34 ) ; garden ( 27 ) ; squeeze ( 19 ) AND agent ( 19 , 12 ) AND theme ( 19 , 34 ) AND location ( 19 , 27 )
211	The dog squeezed a box .	passive_to_active	dog ( 12 ) ; box ( 34 ) ; squeeze ( 27 ) AND agent ( 27 , 12 ) AND theme ( 27 , 34 )
212	A dog squeezed Liam .	passive_to_active	dog ( 12 ) ; Liam ( 34 ) ; squeeze ( 27 ) AND agent ( 27 , 12 ) AND theme ( 27 , 34 )
213	Ella squeezed a rose on a chair on the speaker .	passive_to_active	Ella ( 12 ) ; rose ( 34 ) ; chair ( 27 ) ; speaker ( 19 ) ; squeeze ( 20 ) AND agent ( 20 , 12 ) AND theme ( 20 , 34 ) AND location ( 20 , 27 ) AND instrument ( 20 , 19 )
214	William squeezed the cake on a stool beside the chair .	passive_to_active	William ( 12 ) ; cake ( 34 ) ; * stool ( 27 ) ; * chair ( 19 ) ; squeeze ( 20 ) AND agent ( 20 , 12 ) AND theme ( 20 , 34 ) AND nmod . beside ( 34 , 27 ) AND nmod . beside ( 27 , 19 )
215	Elizabeth squeezed the strawberry beside a crystal .	passive_to_active	Elizabeth ( 12 ) ; strawberry ( 34 ) ; * crystal ( 27 ) ; nmod . beside ( 34 , 27 ) AND squeeze ( 19 ) AND agent ( 19 , 12 ) AND theme ( 19 , 34 )
216	A boy squeezed a box .	passive_to_active	boy ( 12 ) ; box ( 34 ) ; squeeze ( 27 ) AND agent ( 27 , 12 ) AND theme ( 27 , 34 )
217	Carter squeezed Emma .	passive_to_active	Carter ( 12 ) ; Emma ( 34 ) ; squeeze ( 27 ) AND agent ( 27 , 12 ) AND theme ( 27 , 34 )
218	Emma squeezed a girl on a stool .	passive_to_active	Emma ( 12 ) ; girl ( 34 ) ; stool ( 27 ) ; squeeze ( 19 ) AND agent ( 19 , 12 ) AND theme ( 19 , 34 ) AND location ( 19 , 27 )
219	The girl squeezed Jacob .	passive_to_active	girl ( 12 ) ; Jacob ( 34 ) ; squeeze ( 27 ) AND agent ( 27 , 12 ) AND theme ( 27 , 34 )
220	Jackson shipped a friend the tool on a tree .	pp_dative_to_do_dative	Jackson ( 12 ) ; friend ( 34 ) ; tool ( 27 ) ; tree ( 19 ) ; ship ( 20 ) AND agent ( 20 , 12 ) AND recipient ( 20 , 34 ) AND theme ( 20 , 27 ) AND location ( 20 , 19 )
221	Olivia shipped Emma the rose in a tin .	pp_dative_to_do_dative	Olivia ( 12 ) ; Emma ( 34 ) ; rose ( 27 ) ; tin ( 19 ) ; ship ( 20 ) AND agent ( 20 , 12 ) AND recipient ( 20 , 34 ) AND theme ( 20 , 27 ) AND location ( 20 , 19 )
222	The citizen shipped Liam a cake in a house .	pp_dative_to_do_dative	citizen ( 12 ) ; Liam ( 34 ) ; cake ( 27 ) ; * house ( 19 ) ; ship ( 20 ) AND agent ( 20 , 12 ) AND theme ( 20 , 27 ) AND recipient ( 20 , 34 ) AND nmod . in ( 27 , 19 )
223	A girl shipped Oliver the clock .	pp_dative_to_do_dative	girl ( 12 ) ; Oliver ( 34 ) ; clock ( 27 ) ; ship ( 19 ) AND theme ( 19 , 27 ) AND recipient ( 19 , 34 ) AND agent ( 19 , 12 )
224	The coach shipped Emma the seed .	pp_dative_to_do_dative	coach ( 12 ) ; Emma ( 34 ) ; seed ( 27 ) ; ship ( 19 ) AND agent ( 19 , 12 ) AND recipient ( 19 , 34 ) AND theme ( 19 , 27 )
225	Grayson shipped the boy a bell .	pp_dative_to_do_dative	Grayson ( 12 ) ; boy ( 34 ) ; bell ( 27 ) ; ship ( 19 ) AND agent ( 19 , 12 ) AND recipient ( 19 , 34 ) AND theme ( 19 , 27 )
226	The coach shipped a dog a cake .	pp_dative_to_do_dative	coach ( 12 ) ; dog ( 34 ) ; cake ( 27 ) ; ship ( 19 ) AND agent ( 19 , 12 ) AND theme ( 19 , 34 ) AND recipient ( 19 , 27 )
227	A passenger shipped Riley the cake .	pp_dative_to_do_dative	passenger ( 12 ) ; Riley ( 34 ) ; cake ( 27 ) ; ship ( 19 ) AND theme ( 19 , 27 ) AND recipient ( 19 , 34 ) AND agent ( 19 , 12 )
228	A girl liked that Scarlett declared that the prince shipped Olivia a sandwich in a house .	pp_dative_to_do_dative	girl ( 52 ) ; like ( 37 ) AND theme ( 37 , 52 ) AND agent ( 37 , 52 ) AND declare ( 19 ) AND agent ( 19 , 52 ) AND theme ( 19 , 37 ) AND ship ( 27 ) AND agent ( 27 , 19 ) AND theme ( 27 , 23 ) AND recipient ( 27 , 23 ) AND sandwich ( 23 ) ; * Scarlett ( 23 ) ; * prince ( 27 ) ; * Olivia ( 19 ) ; * house ( 14 ) ; n
229	A girl shipped the boy a chalk in a garden .	pp_dative_to_do_dative	girl ( 12 ) ; boy ( 34 ) ; chalk ( 27 ) ; garden ( 19 ) ; ship ( 20 ) AND agent ( 20 , 12 ) AND theme ( 20 , 27 ) AND recipient ( 20 , 34 ) AND nmod . in ( 27 , 19 )
230	Skylar shipped Scarlett a bucket .	pp_dative_to_do_dative	Skylar ( 12 ) ; Scarlett ( 34 ) ; bucket ( 27 ) ; ship ( 19 ) AND agent ( 19 , 12 ) AND recipient ( 19 , 34 ) AND theme ( 19 , 27 )
231	Emma shipped Alexander a box on the stage .	pp_dative_to_do_dative	Emma ( 12 ) ; Alexander ( 34 ) ; box ( 27 ) ; stage ( 19 ) ; ship ( 20 ) AND agent ( 20 , 12 ) AND recipient ( 20 , 34 ) AND theme ( 20 , 27 ) AND location ( 20 , 19 )
232	A father shipped Liam the rose on a table .	pp_dative_to_do_dative	father ( 12 ) ; Liam ( 34 ) ; rose ( 27 ) ; table ( 19 ) ; ship ( 20 ) AND theme ( 20 , 27 ) AND recipient ( 20 , 34 ) AND nmod . on ( 27 , 19 ) AND agent ( 20 , 12 )
233	Emma shipped a girl the cake .	pp_dative_to_do_dative	Emma ( 12 ) ; girl ( 34 ) ; cake ( 27 ) ; ship ( 19 ) AND agent ( 19 , 12 ) AND recipient ( 19 , 34 ) AND theme ( 19 , 27 )
234	The boy respected that Samuel shipped Olivia the box in the room .	pp_dative_to_do_dative	boy ( 12 ) ; Samuel ( 34 ) ; Olivia ( 27 ) ; box ( 19 ) ; room ( 42 ) ; respect ( 13 ) AND agent ( 13 , 12 ) AND ccomp ( 13 , 53 ) AND ship ( 53 ) AND agent ( 53 , 34 ) AND theme ( 53 , 27 ) AND recipient ( 53 , 19 ) AND nmod . in ( 19 , 42 )
235	Eleanor shipped Joseph a cake beside the table .	pp_dative_to_do_dative	Eleanor ( 12 ) ; Joseph ( 34 ) ; cake ( 27 ) ; table ( 19 ) ; ship ( 20 ) AND agent ( 20 , 12 ) AND recipient ( 20 , 34 ) AND theme ( 20 , 27 ) AND nmod . beside ( 27 , 19 )
236	A lion shipped Mateo the cake .	pp_dative_to_do_dative	lion ( 12 ) ; Mateo ( 34 ) ; cake ( 27 ) ; ship ( 19 ) AND agent ( 19 , 12 ) AND recipient ( 19 , 34 ) AND theme ( 19 , 27 )
237	Hannah shipped Brooklyn the cake .	pp_dative_to_do_dative	Hannah ( 12 ) ; Brooklyn ( 34 ) ; cake ( 27 ) ; ship ( 19 ) AND agent ( 19 , 12 ) AND recipient ( 19 , 34 ) AND theme ( 19 , 27 )
238	A boy shipped a frog the sandwich in the garden .	pp_dative_to_do_dative	boy ( 12 ) ; frog ( 34 ) ; sandwich ( 27 ) ; garden ( 19 ) ; ship ( 20 ) AND agent ( 20 , 12 ) AND theme ( 20 , 34 ) AND recipient ( 20 , 27 ) AND nmod . in ( 27 , 19 )
239	The donkey shipped Noah a donut .	pp_dative_to_do_dative	donkey ( 12 ) ; Noah ( 34 ) ; donut ( 27 ) ; ship ( 19 ) AND theme ( 19 , 27 ) AND recipient ( 19 , 34 ) AND agent ( 19 , 12 )
240	Logan slipped a donut on the bun beside the bed beside the table in a cup beside a tree to Emily .	pp_recursion	Logan ( 12 ) ; donut ( 34 ) ; * bun ( 27 ) ; * bed ( 19 ) ; * table ( 42 ) ; * cup ( 38 ) ; * tree ( 51 ) ; Emily ( 7 ) ; slip ( 20 ) AND agent ( 20 , 12 ) AND theme ( 20 , 34 ) AND nmod . beside ( 34 , 27 ) AND nmod . beside ( 27 , 19 )
241	A judge poked the donut in a cupboard beside the bin beside the seat in a taxi beside a bed in a house beside a stage in a garden on a rock beside a table .	pp_recursion	judge ( 12 ) ; donut ( 34 ) ; * cupboard ( 27 ) ; * bin ( 19 ) ; * seat ( 42 ) ; * taxi ( 38 ) ; * bed ( 51 ) ; * house ( 47 ) ; * stage ( 55 ) ; * garden ( 59 ) ; * rock ( 63 ) ; * table ( 67 ) ; nmod . beside ( 34 , 27
242	A cat served a box on the napkin beside a log on a bed beside the bike on a TV to the prince .	pp_recursion	cat ( 12 ) ; box ( 34 ) ; napkin ( 27 ) ; log ( 19 ) ; bed ( 42 ) ; bike ( 8 ) ; TV ( 13 ) ; prince ( 56 ) ; serve ( 23 ) AND agent ( 23 , 12 ) AND theme ( 23 , 34 ) AND nmod . beside ( 34 , 27 ) AND nmod . beside ( 27 , 19 ) AND nmod . beside ( 19 , 42 ) AND nmod . beside (
243	Liam liked the soldier beside a bottle on the road beside a cup in a room on a sock in a well on the chair in a basin .	pp_recursion	Liam ( 12 ) ; * soldier ( 34 ) ; * bottle ( 27 ) ; * road ( 19 ) ; * cup ( 42 ) ; * room ( 38 ) ; * sock ( 35 ) ; * well ( 21 ) ; * chair ( 52 ) ; * basin ( 47 ) ; nmod . beside ( 34 , 27 ) AND nmod . on ( 27 , 19 ) AND nmod . beside ( 19 , 42 ) AND nmod . in (
244	Emma appreciated that the cat snapped the dealer in the cage beside the book in a house beside a sink beside the cup beside a chair beside the bin on the bed .	pp_recursion	Emma ( 12 ) ; * cat ( 34 ) ; snap ( 27 ) AND agent ( 27 , 34 ) AND theme ( 27 , 21 ) AND dealer ( 21 ) ; * cage ( 19 ) ; * book ( 17 ) ; * house ( 15 ) ; * sink ( 13 ) ; * cup ( 11 ) ; * chair ( 9 ) ; * bin ( 7 ) ; * bed ( 5 ) ; nmod . beside (
245	Liam liked a donut in the garden in the well on a bike in the house on a bowl in a pod .	pp_recursion	Liam ( 12 ) ; donut ( 34 ) ; * garden ( 27 ) ; * well ( 19 ) ; * bike ( 42 ) ; * house ( 38 ) ; * bowl ( 35 ) ; * pod ( 47 ) ; nmod . in ( 34 , 27 ) AND nmod . in ( 27 , 19 ) AND nmod . on ( 19 , 42 ) AND nmod . in ( 42 , 38 ) AND nmod . on ( 38 , 35 ) AND
246	A cat froze a chicken on a chair in a garden on a table in a dumpster beside the monk beside a bed .	pp_recursion	cat ( 12 ) ; chicken ( 34 ) ; chair ( 27 ) ; garden ( 19 ) ; table ( 42 ) ; dumpster ( 8 ) ; monk ( 56 ) ; bed ( 3 ) ; freeze ( 13 ) AND agent ( 13 , 12 ) AND theme ( 13 , 34 ) AND nmod . on ( 13 , 27 ) AND nmod . in ( 27 , 19 ) AND nmod . on ( 27 , 42 ) AND nmod . in ( 42
247	The girl sketched the cat in a house on a seat beside a table beside a dragon on the notebook in a jar in the room .	pp_recursion	girl ( 59 ) ; cat ( 45 ) ; * house ( 12 ) ; * seat ( 38 ) ; * table ( 21 ) ; * dragon ( 9 ) ; * notebook ( 17 ) ; * jar ( 5 ) ; * room ( 3 ) ; nmod . on ( 45 , 38 ) AND nmod . beside ( 38 , 21 ) AND nmod . beside ( 21 , 9 ) AND nmod . in ( 9 , 17 )
248	The boy ate the monster in the cabinet in a envelope on the tiger beside the painting beside a cat on a box beside a table on a surface in the house in the cup beside the stage .	pp_recursion	* boy ( 12 ) ; * monster ( 34 ) ; * cabinet ( 27 ) ; * envelope ( 19 ) ; * tiger ( 42 ) ; * painting ( 35 ) ; * cat ( 28 ) ; * box ( 21 ) ; * table ( 17 ) ; * surface ( 39 ) ; * house ( 23 ) ; * cup ( 31 ) ; * stage ( 46 ) ; nmod . in ( 34 , 27
249	Emily admired a girl beside the monkey on the bible in the car in a palace on a surface on a desk on a cupboard on the table .	pp_recursion	Emily ( 12 ) ; girl ( 34 ) ; * monkey ( 27 ) ; * bible ( 19 ) ; * car ( 42 ) ; * palace ( 31 ) ; * surface ( 23 ) ; * desk ( 17 ) ; * cupboard ( 8 ) ; * table ( 5 ) ; nmod . beside ( 34 , 27 ) AND nmod . on ( 27 , 19 ) AND nmod . in ( 19 , 42 ) AND nmod .
250	A tenant liked the teacher in a glass on a stage in a house .	pp_recursion	tenant ( 12 ) ; teacher ( 34 ) ; * glass ( 27 ) ; * stage ( 19 ) ; * house ( 8 ) ; like ( 13 ) AND theme ( 13 , 34 ) AND agent ( 13 , 12 ) AND nmod . in ( 34 , 27 ) AND nmod . on ( 27 , 19 ) AND nmod . in ( 19 , 8 )
251	Eleanor painted a teacher in a house beside the stage on the table in a room .	pp_recursion	Eleanor ( 12 ) ; teacher ( 34 ) ; * house ( 27 ) ; * stage ( 19 ) ; * table ( 42 ) ; * room ( 8 ) ; paint ( 13 ) AND agent ( 13 , 12 ) AND theme ( 13 , 34 ) AND nmod . beside ( 34 , 27 ) AND nmod . on ( 34 , 19 ) AND nmod . in ( 34 , 42 ) AND nmod . in
252	A teacher sold a bat beside a machine in the house on the chair in a room beside the sword on a seat on the table to a goose .	pp_recursion	teacher ( 12 ) ; bat ( 34 ) ; machine ( 27 ) ; * house ( 19 ) ; * chair ( 42 ) ; * room ( 8 ) ; * sword ( 13 ) ; * seat ( 7 ) ; * table ( 21 ) ; * goose ( 3 ) ; sell ( 17 ) AND agent ( 17 , 12 ) AND theme ( 17 , 34 ) AND nmod . beside ( 34 , 27 ) AND nmod . on (
253	A dog painted the girl beside the chair in a house beside a road on a dish .	pp_recursion	dog ( 12 ) ; girl ( 34 ) ; chair ( 27 ) ; * house ( 19 ) ; * road ( 42 ) ; * dish ( 8 ) ; nmod . beside ( 34 , 27 ) AND nmod . in ( 27 , 19 ) AND nmod . beside ( 19 , 42 ) AND nmod . on ( 42 , 8 ) AND paint ( 13 ) AND agent ( 13 , 12 ) AND theme
254	The baby returned James the donut on the tree in the house on the bed in a bag .	pp_recursion	* baby ( 12 ) ; James ( 34 ) ; * donut ( 27 ) ; * tree ( 19 ) ; * house ( 8 ) ; * bed ( 42 ) ; * bag ( 56 ) ; nmod . on ( 27 , 19 ) AND nmod . in ( 19 , 8 ) AND nmod . on ( 8 , 42 ) AND nmod . in ( 42 , 56 ) AND return ( 13 ) AND agent ( 13 , 12 ) AND theme ( 13 , 27 )
255	The boy sold the cake on the boat on the leaflet in the haystack on a bed on a stage on a block in a garden on the chair to the president .	pp_recursion	boy ( 12 ) ; cake ( 34 ) ; * boat ( 27 ) ; * leaflet ( 19 ) ; * haystack ( 42 ) ; * bed ( 8 ) ; * stage ( 15 ) ; * block ( 23 ) ; * garden ( 7 ) ; * chair ( 3 ) ; * president ( 11 ) ; sell ( 5 ) AND agent ( 5 , 12 ) AND theme ( 5 , 34 ) AND nmod . on ( 5 , 27 ) AND nmod . on ( 27 , 19 ) AND
256	The girl cleaned a cat beside a table in a storage on a rock beside the bed in a house on the desk in the garden beside a car .	pp_recursion	girl ( 59 ) ; cat ( 37 ) ; * table ( 21 ) ; * storage ( 52 ) ; * rock ( 38 ) ; * bed ( 17 ) ; * house ( 9 ) ; * desk ( 5 ) ; * garden ( 3 ) ; * car ( 1 ) ; nmod . beside ( 37 , 21 ) AND nmod . in ( 21 , 52 ) AND nmod . beside ( 52 , 38 ) AND nmod . beside (
257	A girl handed the block beside a mirror beside a book in a vessel in the room in a house in the box beside the bag beside a log in the saucepan in the car beside the table to Liam .	pp_recursion	girl ( 52 ) ; block ( 37 ) ; * mirror ( 21 ) ; * book ( 48 ) ; * vessel ( 17 ) ; * room ( 39 ) ; * house ( 24 ) ; * box ( 8 ) ; * bag ( 16 ) ; * log ( 42 ) ; * saucepan ( 19 ) ; * car ( 33 ) ; * table ( 11 ) ; Liam ( 7 ) ; n
258	Liam ate the cookie in a penthouse beside the book in the house in the stadium on a bible beside the car in a bakery beside the table beside the machine in the container .	pp_recursion	Liam ( 12 ) ; cookie ( 34 ) ; * penthouse ( 27 ) ; * book ( 19 ) ; * house ( 42 ) ; * stadium ( 51 ) ; * bible ( 63 ) ; * car ( 74 ) ; * bakery ( 85 ) ; * table ( 96 ) ; * machine ( 107 ) ; * container ( 118 ) ; nmod . in ( 34 , 27 ) AND nmod . beside ( 34 ,
259	William helped a boy beside the table on a truck beside the tree on the yacht beside a bed in a car beside a boat beside a chair on a seat in a envelope on a shelf .	pp_recursion	William ( 12 ) ; boy ( 34 ) ; * table ( 27 ) ; * truck ( 19 ) ; * tree ( 21 ) ; * yacht ( 23 ) ; * bed ( 25 ) ; * car ( 29 ) ; * boat ( 31 ) ; * chair ( 33 ) ; * seat ( 35 ) ; * envelope ( 37 ) ; * shelf ( 39 ) ; help ( 41 ) AND agent ( 41 , 12
260	The lion preferred to crawl .	prim_to_inf_arg	* lion ( 12 ) ; crawl ( 34 ) AND prefer ( 27 ) AND agent ( 27 , 12 ) AND theme ( 27 , 34 )
261	Elijah wanted to crawl .	prim_to_inf_arg	Elijah ( 12 ) ; crawl ( 34 ) AND agent ( 34 , 12 )
262	A student wanted to crawl .	prim_to_inf_arg	student ( 12 ) ; crawl ( 34 ) AND agent ( 34 , 12 )
263	Liam dreamed to crawl .	prim_to_inf_arg	Liam ( 12 ) ; dream ( 27 ) AND agent ( 27 , 12 ) AND crawl ( 34 )
264	A butterfly hoped that Ava wanted to crawl .	prim_to_inf_arg	butterfly ( 12 ) ; Ava ( 34 ) ; crawl ( 27 ) ; hope ( 19 ) AND agent ( 19 , 12 ) AND theme ( 19 , 34 ) AND want ( 27 ) AND agent ( 27 , 34 )
265	Avery wanted to crawl .	prim_to_inf_arg	Avery ( 12 ) ; crawl ( 34 ) AND agent ( 34 , 12 )
266	A manager preferred to crawl .	prim_to_inf_arg	manager ( 12 ) ; crawl ( 34 ) AND agent ( 34 , 12 )
267	Ava wanted to crawl .	prim_to_inf_arg	Ava ( 12 ) ; crawl ( 34 ) AND agent ( 34 , 12 )
268	The girl longed to crawl .	prim_to_inf_arg	girl ( 12 ) ; long ( 34 ) AND agent ( 34 , 12 ) AND crawl ( 27 )
269	A guard liked to crawl .	prim_to_inf_arg	guard ( 12 ) ; like ( 34 ) AND agent ( 34 , 12 ) AND crawl ( 27 )
270	A hen expected to crawl .	prim_to_inf_arg	hen ( 12 ) ; crawl ( 34 ) AND expect ( 27 ) AND agent ( 27 , 12 ) AND theme ( 27 , 34 )
271	The frog yearned to crawl .	prim_to_inf_arg	frog ( 12 ) ; yearn ( 27 ) AND agent ( 27 , 12 ) AND crawl ( 34 )
272	Emma liked that Noah wanted to crawl .	prim_to_inf_arg	Emma ( 12 ) ; Noah ( 34 ) ; crawl ( 27 ) ; like ( 19 ) AND agent ( 19 , 12 ) AND theme ( 19 , 34 ) AND ccomp ( 19 , 27)
273	A child planned to crawl .	prim_to_inf_arg	child ( 12 ) ; plan ( 27 ) AND agent ( 27 , 12 ) AND crawl ( 34 )
274	A chicken longed to crawl .	prim_to_inf_arg	chicken ( 12 ) ; crawl ( 34 ) AND theme ( 34 , 12 ) AND long ( 27 ) AND agent ( 27 , 12 )
275	The dog yearned to crawl .	prim_to_inf_arg	dog ( 12 ) ; yearn ( 34 ) AND crawl ( 34 , 12 )
276	The scientist wanted to crawl .	prim_to_inf_arg	scientist ( 12 ) ; crawl ( 34 ) AND agent ( 34 , 12 )
277	Madison wanted to crawl .	prim_to_inf_arg	Madison ( 12 ) ; want ( 27 ) AND agent ( 27 , 12 ) AND crawl ( 34 )
278	A lion itched to crawl .	prim_to_inf_arg	lion ( 12 ) ; itch ( 27 ) AND agent ( 27 , 12 ) AND crawl ( 34 )
279	Logan wanted to crawl .	prim_to_inf_arg	Logan ( 12 ) ; want ( 27 ) AND agent ( 27 , 12 ) AND crawl ( 34 )
280	Owen rented Olivia the shark beside the stool .	prim_to_obj_common	Owen ( 12 ) ; Olivia ( 34 ) ; shark ( 27 ) ; stool ( 19 ) ; rent ( 20 ) AND agent ( 20 , 12 ) AND recipient ( 20 , 34 ) AND theme ( 20 , 27 ) AND nmod . beside ( 27 , 19 )
281	A bear gave Claire a shark .	prim_to_obj_common	bear ( 12 ) ; Claire ( 34 ) ; shark ( 27 ) ; give ( 19 ) AND agent ( 19 , 12 ) AND recipient ( 19 , 34 ) AND theme ( 19 , 27 )
282	A cat posted the shark on the desk to Sophia .	prim_to_obj_common	cat ( 12 ) ; shark ( 34 ) ; * desk ( 27 ) ; Sophia ( 19 ) ; post ( 20 ) AND theme ( 20 , 34 ) AND recipient ( 20 , 19 ) AND agent ( 20 , 12 )
283	Liam sold the shark to Emma .	prim_to_obj_common	Liam ( 12 ) ; shark ( 34 ) ; Emma ( 27 ) ; sell ( 19 ) AND agent ( 19 , 12 ) AND theme ( 19 , 34 ) AND recipient ( 19 , 27 )
284	A tiger rolled a shark .	prim_to_obj_common	tiger ( 12 ) ; shark ( 34 ) ; roll ( 27 ) AND agent ( 27 , 12 ) AND theme ( 27 , 34 )
285	James drew a shark .	prim_to_obj_common	James ( 12 ) ; shark ( 34 ) ; draw ( 27 ) AND agent ( 27 , 12 ) AND theme ( 27 , 34 )
286	Isabella gave the shark in the car to Emma .	prim_to_obj_common	Isabella ( 12 ) ; * shark ( 34 ) ; * car ( 27 ) ; Emma ( 19 ) ; give ( 20 ) AND agent ( 20 , 12 ) AND theme ( 20 , 34 ) AND recipient ( 20 , 19 ) AND nmod . in ( 34 , 27 )
287	Emma rolled a shark on the notebook .	prim_to_obj_common	Emma ( 12 ) ; shark ( 34 ) ; notebook ( 27 ) ; roll ( 19 ) AND agent ( 19 , 12 ) AND theme ( 19 , 34 ) AND location ( 19 , 27 )
288	Ethan crumpled the shark .	prim_to_obj_common	Ethan ( 12 ) ; shark ( 34 ) ; crumple ( 27 ) AND agent ( 27 , 12 ) AND theme ( 27 , 34 )
289	The girl passed a donkey a shark on a speaker .	prim_to_obj_common	girl ( 12 ) ; donkey ( 34 ) ; shark ( 27 ) ; speaker ( 19 ) ; pass ( 20 ) AND agent ( 20 , 12 ) AND theme1 ( 20 , 34 ) AND theme2 ( 20 , 27 ) AND location ( 20 , 19 )
290	Michael thought that Elizabeth awarded the boy a shark .	prim_to_obj_common	Michael ( 12 ) ; Elizabeth ( 34 ) ; boy ( 27 ) ; shark ( 19 ) ; think ( 8 ) AND agent ( 8 , 12 ) AND ccomp ( 8 , 23 ) AND award ( 23 ) AND agent ( 23 , 34 ) AND theme ( 23 , 27 ) AND theme ( 23 , 19 )
291	A cat gave Emma a shark .	prim_to_obj_common	cat ( 12 ) ; Emma ( 34 ) ; shark ( 27 ) ; give ( 19 ) AND agent ( 19 , 12 ) AND recipient ( 19 , 34 ) AND theme ( 19 , 27 )
292	The priest ate a shark .	prim_to_obj_common	priest ( 12 ) ; shark ( 34 ) ; eat ( 27 ) AND agent ( 27 , 12 ) AND theme ( 27 , 34 )
293	A boy gave the lion a shark beside the table .	prim_to_obj_common	boy ( 12 ) ; lion ( 34 ) ; * shark ( 27 ) ; * table ( 19 ) ; nmod . beside ( 27 , 19 ) AND give ( 20 ) AND agent ( 20 , 12 ) AND recipient ( 20 , 34 ) AND theme ( 20 , 27 )
294	Benjamin ate the shark .	prim_to_obj_common	Benjamin ( 12 ) ; shark ( 34 ) ; eat ( 27 ) AND agent ( 27 , 12 ) AND theme ( 27 , 34 )
295	Liam ate a shark on the rock .	prim_to_obj_common	Liam ( 12 ) ; shark ( 34 ) ; rock ( 27 ) ; eat ( 19 ) AND agent ( 19 , 12 ) AND theme ( 19 , 34 ) AND nmod . on ( 34 , 27 )
296	Benjamin liked that Emma admired that Liam loaned a shark to the dog .	prim_to_obj_common	Benjamin ( 12 ) ; Emma ( 34 ) ; Liam ( 27 ) ; shark ( 19 ) ; dog ( 42 ) ; like ( 8 ) AND theme ( 8 , 19 ) AND agent ( 8 , 12 ) AND admire ( 15 ) AND theme ( 15 , 19 ) AND agent ( 15 , 34 ) AND loan ( 23 ) AND theme ( 23 , 19 ) AND recipient ( 23 , 42 ) AND agent ( 23 , 27 )
297	A teacher hoped that a girl ate a shark on the table .	prim_to_obj_common	teacher ( 12 ) ; * girl ( 34 ) ; * shark ( 27 ) ; * table ( 19 ) ; hope ( 8 ) AND agent ( 8 , 12 ) AND ccomp ( 8 , 13 ) AND eat ( 13 ) AND agent ( 13 , 34 ) AND theme ( 13 , 27 ) AND nmod . on ( 27 , 19 )
298	Noah liked that a cat helped the shark beside a table .	prim_to_obj_common	Noah ( 12 ) ; cat ( 34 ) ; shark ( 27 ) ; table ( 19 ) ; like ( 8 ) AND theme ( 8 , 34 ) AND agent ( 8 , 27 ) AND nmod . beside ( 27 , 19 )
299	Emily ate the shark in the house .	prim_to_obj_common	Emily ( 12 ) ; shark ( 34 ) ; house ( 27 ) ; eat ( 19 ) AND agent ( 19 , 12 ) AND theme ( 19 , 34 ) AND location ( 19 , 27 )
300	Theodore changed Paula .	prim_to_obj_proper	Theodore ( 12 ) ; Paula ( 34 ) ; change ( 27 ) AND agent ( 27 , 12 ) AND theme ( 27 , 34 )
301	A tiger rolled Paula .	prim_to_obj_proper	tiger ( 12 ) ; Paula ( 34 ) ; roll ( 27 ) AND agent ( 27 , 12 ) AND theme ( 27 , 34 )
302	Sophia sent Ava Paula .	prim_to_obj_proper	Sophia ( 12 ) ; Ava ( 34 ) ; Paula ( 27 ) ; send ( 19 ) AND theme ( 19 , 34 ) AND recipient ( 19 , 27 ) AND agent ( 19 , 12 )
303	Noah liked Paula .	prim_to_obj_proper	Noah ( 12 ) ; Paula ( 34 ) ; like ( 27 ) AND theme ( 27 , 34 ) AND agent ( 27 , 12 )
304	The student helped Paula .	prim_to_obj_proper	student ( 12 ) ; Paula ( 34 ) ; help ( 27 ) AND agent ( 27 , 12 ) AND theme ( 27 , 34 )
305	A horse said that the moose ate Paula .	prim_to_obj_proper	horse ( 12 ) ; moose ( 34 ) ; Paula ( 27 ) ; say ( 19 ) AND agent ( 19 , 12 ) AND ccomp ( 19 , 27 ) AND eat ( 35 ) AND agent ( 35 , 34 ) AND theme ( 35 , 27 )
306	Olivia sold Paula to the priest .	prim_to_obj_proper	Olivia ( 12 ) ; Paula ( 34 ) ; priest ( 27 ) ; sell ( 19 ) AND theme ( 19 , 34 ) AND recipient ( 19 , 27 ) AND agent ( 19 , 12 )
307	James discovered Paula .	prim_to_obj_proper	James ( 12 ) ; Paula ( 34 ) ; discover ( 27 ) AND agent ( 27 , 12 ) AND theme ( 27 , 34 )
308	The girl gave Paula to Addison .	prim_to_obj_proper	girl ( 12 ) ; Paula ( 34 ) ; Addison ( 27 ) ; give ( 19 ) AND agent ( 19 , 12 ) AND theme ( 19 , 34 ) AND recipient ( 19 , 27 )
309	The girl decomposed Paula .	prim_to_obj_proper	girl ( 12 ) ; Paula ( 34 ) ; decompose ( 27 ) AND agent ( 27 , 12 ) AND theme ( 27 , 34 )
310	A boy mailed Paula to the girl .	prim_to_obj_proper	boy ( 12 ) ; Paula ( 34 ) ; * girl ( 27 ) ; mail ( 19 ) AND agent ( 19 , 12 ) AND recipient ( 19 , 34 ) AND recipient ( 19 , 27 )
311	Scarlett lended a consumer Paula .	prim_to_obj_proper	Scarlett ( 12 ) ; consumer ( 34 ) ; Paula ( 27 ) ; lend ( 19 ) AND agent ( 19 , 12 ) AND theme ( 19 , 34 ) AND recipient ( 19 , 27 )
312	Ava broke Paula .	prim_to_obj_proper	Ava ( 12 ) ; Paula ( 34 ) ; break ( 27 ) AND agent ( 27 , 12 ) AND theme ( 27 , 34 )
313	Aubrey handed Paula to Charlotte .	prim_to_obj_proper	Aubrey ( 12 ) ; Paula ( 34 ) ; Charlotte ( 27 ) ; hand ( 19 ) AND theme ( 19 , 34 ) AND recipient ( 19 , 27 ) AND agent ( 19 , 12 )
314	The girl forwarded Paula to Olivia .	prim_to_obj_proper	girl ( 12 ) ; Paula ( 34 ) ; Olivia ( 27 ) ; forward ( 19 ) AND theme ( 19 , 34 ) AND recipient ( 19 , 27 ) AND agent ( 19 , 12 )
315	Logan gave the cat Paula .	prim_to_obj_proper	Logan ( 12 ) ; cat ( 34 ) ; Paula ( 27 ) ; give ( 19 ) AND agent ( 19 , 12 ) AND theme ( 19 , 34 ) AND recipient ( 19 , 27 )
316	Wyatt proved that the boy rented Paula to Ava .	prim_to_obj_proper	Wyatt ( 12 ) ; * boy ( 34 ) ; Paula ( 27 ) ; Ava ( 19 ) ; prove ( 20 ) AND agent ( 20 , 12 ) AND ccomp ( 20 , 53 ) AND rent ( 53 ) AND agent ( 53 , 34 ) AND theme ( 53 , 27 ) AND recipient ( 53 , 19 )
317	Oliver burned Paula .	prim_to_obj_proper	Oliver ( 12 ) ; Paula ( 34 ) ; burn ( 27 ) AND agent ( 27 , 12 ) AND theme ( 27 , 34 )
318	A girl dusted Paula .	prim_to_obj_proper	girl ( 12 ) ; Paula ( 34 ) ; dust ( 27 ) AND agent ( 27 , 12 ) AND theme ( 27 , 34 )
319	Logan hunted Paula .	prim_to_obj_proper	Logan ( 12 ) ; Paula ( 34 ) ; hunt ( 27 ) AND agent ( 27 , 12 ) AND theme ( 27 , 34 )
320	The shark ate a rose .	prim_to_subj_common	shark ( 12 ) ; rose ( 34 ) ; eat ( 27 ) AND agent ( 27 , 12 ) AND theme ( 27 , 34 )
321	The shark gave Elijah the cake beside a seat .	prim_to_subj_common	shark ( 12 ) ; Elijah ( 34 ) ; cake ( 27 ) ; seat ( 19 ) ; nmod . beside ( 27 , 19 ) AND give ( 35 ) AND agent ( 35 , 12 ) AND recipient ( 35 , 34 ) AND theme ( 35 , 27 )
322	The shark examined Sophia .	prim_to_subj_common	shark ( 12 ) ; Sophia ( 34 ) ; examine ( 27 ) AND agent ( 27 , 12 ) AND theme ( 27 , 34 )
323	The shark pierced a cake .	prim_to_subj_common	shark ( 12 ) ; cake ( 34 ) ; pierce ( 27 ) AND agent ( 27 , 12 ) AND theme ( 27 , 34 )
324	The shark juggled the cake beside the bat .	prim_to_subj_common	* shark ( 12 ) ; * cake ( 34 ) ; * bat ( 27 ) ; nmod . beside ( 34 , 27 ) AND juggle ( 19 ) AND agent ( 19 , 12 ) AND theme ( 19 , 34 )
325	The shark loved the balloon .	prim_to_subj_common	shark ( 12 ) ; balloon ( 34 ) ; love ( 27 ) AND agent ( 27 , 12 ) AND theme ( 27 , 34 )
326	A shark mailed Oliver the cookie .	prim_to_subj_common	shark ( 12 ) ; Oliver ( 34 ) ; cookie ( 27 ) ; mail ( 19 ) AND theme ( 19 , 27 ) AND recipient ( 19 , 34 ) AND agent ( 19 , 12 )
327	The shark dusted the donut on the road .	prim_to_subj_common	shark ( 12 ) ; donut ( 34 ) ; road ( 27 ) ; dust ( 19 ) AND theme ( 19 , 34 ) AND agent ( 19 , 12 ) AND location ( 19 , 27 )
328	The shark lended a bat to Noah .	prim_to_subj_common	shark ( 12 ) ; bat ( 34 ) ; Noah ( 27 ) ; lend ( 19 ) AND agent ( 19 , 12 ) AND theme ( 19 , 34 ) AND recipient ( 19 , 27 )
329	The shark painted the chicken beside the table .	prim_to_subj_common	* shark ( 12 ) ; * chicken ( 34 ) ; * table ( 27 ) ; nmod . beside ( 34 , 27 ) AND paint ( 19 ) AND agent ( 19 , 12 ) AND theme ( 19 , 34 )
330	The shark collapsed a girl .	prim_to_subj_common	shark ( 12 ) ; girl ( 34 ) ; collapse ( 27 ) AND agent ( 27 , 12 ) AND theme ( 27 , 34 )
331	A shark painted a girl .	prim_to_subj_common	shark ( 12 ) ; girl ( 34 ) ; paint ( 27 ) AND agent ( 27 , 12 ) AND theme ( 27 , 34 )
332	The shark froze the boy on a table .	prim_to_subj_common	* shark ( 12 ) ; boy ( 34 ) ; * table ( 27 ) ; nmod . on ( 34 , 27 ) AND freeze ( 19 ) AND agent ( 19 , 12 ) AND theme ( 19 , 34 )
333	The shark dusted Michael .	prim_to_subj_common	shark ( 12 ) ; Michael ( 34 ) ; dust ( 27 ) AND agent ( 27 , 12 ) AND theme ( 27 , 34 )
334	Liam said that a shark preferred to sleep .	prim_to_subj_common	Liam ( 12 ) ; shark ( 34 ) ; prefer ( 27 ) AND theme ( 27 , 34 ) AND agent ( 27 , 12 ) AND sleep ( 19 )
335	The shark wished to eat .	prim_to_subj_common	* shark ( 12 ) ; wish ( 34 ) AND agent ( 34 , 12 ) AND eat ( 27 )
336	The girl thought that the shark liked a cake .	prim_to_subj_common	girl ( 12 ) ; * shark ( 34 ) ; cake ( 27 ) ; think ( 19 ) AND agent ( 19 , 12 ) AND ccomp ( 19 , 27 ) AND like ( 27 ) AND agent ( 27 , 34 )
337	The shark froze a cake in a house .	prim_to_subj_common	shark ( 12 ) ; cake ( 34 ) ; house ( 27 ) ; freeze ( 19 ) AND theme ( 19 , 34 ) AND agent ( 19 , 12 ) AND location ( 19 , 27 )
338	The shark offered a cake to Liam .	prim_to_subj_common	shark ( 12 ) ; cake ( 34 ) ; Liam ( 27 ) ; offer ( 19 ) AND theme ( 19 , 34 ) AND recipient ( 19 , 27 ) AND agent ( 19 , 12 )
339	The shark intended to giggle .	prim_to_subj_common	* shark ( 12 ) ; intend ( 34 ) AND agent ( 34 , 12 ) AND giggle ( 27 )
340	Paula rolled a brick .	prim_to_subj_proper	Paula ( 12 ) ; brick ( 34 ) ; roll ( 27 ) AND agent ( 27 , 12 ) AND theme ( 27 , 34 )
341	Paula dusted Lucas .	prim_to_subj_proper	Paula ( 12 ) ; Lucas ( 34 ) ; dust ( 27 ) AND agent ( 27 , 12 ) AND theme ( 27 , 34 )
342	Paula gave a cat the cake on the speaker .	prim_to_subj_proper	Paula ( 12 ) ; cat ( 34 ) ; cake ( 27 ) ; speaker ( 19 ) ; give ( 20 ) AND agent ( 20 , 12 ) AND recipient ( 20 , 34 ) AND theme ( 20 , 27 ) AND location ( 20 , 19 )
343	Paula gave Emma a cake on the TV .	prim_to_subj_proper	Paula ( 12 ) ; Emma ( 34 ) ; cake ( 27 ) ; TV ( 19 ) ; give ( 20 ) AND agent ( 20 , 12 ) AND recipient ( 20 , 34 ) AND theme ( 20 , 27 ) AND location ( 20 , 19 )
344	Paula liked the drink in the house .	prim_to_subj_proper	Paula ( 12 ) ; drink ( 34 ) ; * house ( 27 ) ; like ( 19 ) AND theme ( 19 , 34 ) AND agent ( 19 , 12 ) AND nmod . in ( 34 , 27 )
345	Paula rolled Ethan .	prim_to_subj_proper	Paula ( 12 ) ; Ethan ( 34 ) ; roll ( 27 ) AND agent ( 27 , 12 ) AND theme ( 27 , 34 )
346	Paula liked the cookie .	prim_to_subj_proper	Paula ( 12 ) ; cookie ( 34 ) ; like ( 27 ) AND agent ( 27 , 12 ) AND theme ( 27 , 34 )
347	Paula lended a boy the cake beside the chair .	prim_to_subj_proper	Paula ( 12 ) ; boy ( 34 ) ; cake ( 27 ) ; chair ( 19 ) ; lend ( 20 ) AND agent ( 20 , 12 ) AND recipient ( 20 , 34 ) AND theme ( 20 , 27 ) AND nmod . beside ( 27 , 19 )
348	Paula rolled the knife .	prim_to_subj_proper	Paula ( 12 ) ; knife ( 34 ) ; roll ( 27 ) AND agent ( 27 , 12 ) AND theme ( 27 , 34 )
349	Paula brought the donut to the duck .	prim_to_subj_proper	Paula ( 12 ) ; donut ( 34 ) ; duck ( 27 ) ; bring ( 19 ) AND theme ( 19 , 34 ) AND recipient ( 19 , 27 ) AND agent ( 19 , 12 )
350	Paula helped a girl beside the table .	prim_to_subj_proper	Paula ( 12 ) ; girl ( 34 ) ; table ( 27 ) ; help ( 19 ) AND agent ( 19 , 12 ) AND theme ( 19 , 34 ) AND nmod . beside ( 34 , 27 )
351	Paula mailed Liam the newspaper .	prim_to_subj_proper	Paula ( 12 ) ; Liam ( 34 ) ; newspaper ( 27 ) ; mail ( 19 ) AND theme ( 19 , 27 ) AND recipient ( 19 , 34 ) AND agent ( 19 , 12 )
352	Paula gave a cake on a table to Emma .	prim_to_subj_proper	Paula ( 12 ) ; cake ( 34 ) ; table ( 27 ) ; Emma ( 19 ) ; give ( 20 ) AND agent ( 20 , 12 ) AND theme ( 20 , 34 ) AND recipient ( 20 , 19 ) AND nmod . on ( 34 , 27 )
353	Paula wanted to paint .	prim_to_subj_proper	Paula ( 12 ) ; want ( 27 ) AND agent ( 27 , 12 ) AND paint ( 34 )
354	Paula lended a donut on a gravel to the girl .	prim_to_subj_proper	Paula ( 12 ) ; girl ( 34 ) ; donut ( 27 ) ; gravel ( 19 ) ; lend ( 20 ) AND agent ( 20 , 12 ) AND recipient ( 20 , 34 ) AND theme ( 20 , 27 ) AND nmod . on ( 27 , 19 )
355	Paula helped a glue in the garden .	prim_to_subj_proper	Paula ( 12 ) ; glue ( 34 ) ; garden ( 27 ) ; help ( 19 ) AND theme ( 19 , 34 ) AND agent ( 19 , 12 ) AND location ( 19 , 27 )
356	Paula rolled a boy .	prim_to_subj_proper	Paula ( 12 ) ; boy ( 34 ) ; roll ( 27 ) AND agent ( 27 , 12 ) AND theme ( 27 , 34 )
357	Paula gave a patient the donut in the barrel .	prim_to_subj_proper	Paula ( 12 ) ; patient ( 34 ) ; donut ( 27 ) ; barrel ( 19 ) ; give ( 20 ) AND agent ( 20 , 12 ) AND recipient ( 20 , 34 ) AND theme ( 20 , 27 ) AND nmod . in ( 27 , 19 )
358	Paula froze the crayon on the pad .	prim_to_subj_proper	Paula ( 12 ) ; crayon ( 34 ) ; pad ( 27 ) ; freeze ( 19 ) AND agent ( 19 , 12 ) AND theme ( 19 , 34 ) AND location ( 19 , 27 )
359	Paula lended the donut to a girl .	prim_to_subj_proper	Paula ( 12 ) ; donut ( 34 ) ; girl ( 27 ) ; lend ( 19 ) AND agent ( 19 , 12 ) AND theme ( 19 , 34 ) AND recipient ( 19 , 27 )
360	Abigail gave the hedgehog to the frog .	subj_to_obj_common	Abigail ( 12 ) ; hedgehog ( 34 ) ; frog ( 27 ) ; give ( 19 ) AND agent ( 19 , 12 ) AND theme ( 19 , 34 ) AND recipient ( 19 , 27 )
361	A dog liked the hedgehog beside the seat .	subj_to_obj_common	dog ( 12 ) ; hedgehog ( 34 ) ; * seat ( 27 ) ; like ( 19 ) AND theme ( 19 , 34 ) AND agent ( 19 , 12 ) AND nmod . beside ( 34 , 27 )
362	Isabella crumpled the hedgehog .	subj_to_obj_common	Isabella ( 12 ) ; hedgehog ( 34 ) ; crumple ( 27 ) AND agent ( 27 , 12 ) AND theme ( 27 , 34 )
363	The girl found the hedgehog on a table .	subj_to_obj_common	girl ( 12 ) ; hedgehog ( 34 ) ; * table ( 27 ) ; find ( 19 ) AND agent ( 19 , 12 ) AND theme ( 19 , 34 ) AND nmod . on ( 34 , 27 )
364	The guest handed the hedgehog in the vehicle to a lion .	subj_to_obj_common	guest ( 12 ) ; hedgehog ( 34 ) ; * vehicle ( 27 ) ; * lion ( 19 ) ; hand ( 20 ) AND agent ( 20 , 12 ) AND theme ( 20 , 34 ) AND recipient ( 20 , 19 ) AND nmod . in ( 34 , 27 )
365	Emma crumpled a hedgehog on the stage .	subj_to_obj_common	Emma ( 12 ) ; hedgehog ( 34 ) ; stage ( 27 ) ; crumple ( 19 ) AND agent ( 19 , 12 ) AND theme ( 19 , 34 ) AND location ( 19 , 27 )
366	Liam gave Emma the hedgehog beside the road in the bag .	subj_to_obj_common	Liam ( 12 ) ; Emma ( 34 ) ; hedgehog ( 27 ) ; road ( 19 ) ; bag ( 42 ) ; give ( 8 ) AND agent ( 8 , 12 ) AND recipient ( 8 , 34 ) AND theme ( 8 , 27 ) AND nmod . beside ( 27 , 19 ) AND nmod . in ( 27 , 42 )
367	A girl snapped a hedgehog on a tree beside the table .	subj_to_obj_common	girl ( 12 ) ; hedgehog ( 34 ) ; tree ( 27 ) ; table ( 19 ) ; snap ( 20 ) AND agent ( 20 , 12 ) AND theme ( 20 , 34 ) AND nmod . on ( 34 , 27 ) AND nmod . beside ( 34 , 19 )
368	Benjamin floated the hedgehog in a room .	subj_to_obj_common	Benjamin ( 12 ) ; hedgehog ( 34 ) ; room ( 27 ) ; float ( 19 ) AND theme ( 19 , 34 ) AND agent ( 19 , 12 ) AND location ( 19 , 27 )
369	Emma rolled a hedgehog on the notebook .	subj_to_obj_common	Emma ( 12 ) ; hedgehog ( 34 ) ; notebook ( 27 ) ; roll ( 19 ) AND agent ( 19 , 12 ) AND theme ( 19 , 34 ) AND location ( 19 , 27 )
370	The frog shortened the hedgehog in a box .	subj_to_obj_common	frog ( 12 ) ; hedgehog ( 34 ) ; * box ( 27 ) ; shorten ( 19 ) AND agent ( 19 , 12 ) AND theme ( 19 , 34 ) AND nmod . in ( 19 , 27 )
371	Emma gave a bunny a hedgehog .	subj_to_obj_common	Emma ( 12 ) ; bunny ( 34 ) ; hedgehog ( 27 ) ; give ( 19 ) AND agent ( 19 , 12 ) AND recipient ( 19 , 34 ) AND theme ( 19 , 27 )
372	Isabella poked the hedgehog beside the table .	subj_to_obj_common	Isabella ( 12 ) ; hedgehog ( 34 ) ; table ( 27 ) ; poke ( 19 ) AND agent ( 19 , 12 ) AND theme ( 19 , 34 ) AND nmod . beside ( 19 , 27 )
373	The boy liked that Alexander brought a monster a hedgehog .	subj_to_obj_common	boy ( 12 ) ; Alexander ( 34 ) ; monster ( 27 ) ; hedgehog ( 19 ) ; like ( 8 ) AND theme ( 8 , 27 ) AND theme ( 8 , 19 ) AND agent ( 8 , 12 ) AND bring ( 15 ) AND agent ( 15 , 34 ) AND theme ( 15 , 27 ) AND theme ( 15 , 19 )
374	A doctor lended a hedgehog beside a cup to a hero .	subj_to_obj_common	doctor ( 12 ) ; hedgehog ( 34 ) ; cup ( 27 ) ; hero ( 19 ) ; lend ( 20 ) AND agent ( 20 , 12 ) AND theme ( 20 , 34 ) AND recipient ( 20 , 19 ) AND nmod . beside ( 34 , 27 )
375	A child shortened the hedgehog in a room .	subj_to_obj_common	child ( 12 ) ; hedgehog ( 34 ) ; room ( 27 ) ; shorten ( 19 ) AND agent ( 19 , 12 ) AND theme ( 19 , 34 ) AND location ( 19 , 27 )
376	Emma declared that a cat gave the hedgehog to a girl .	subj_to_obj_common	Emma ( 12 ) ; cat ( 34 ) ; hedgehog ( 27 ) ; girl ( 19 ) ; declare ( 8 ) AND agent ( 8 , 12 ) AND ccomp ( 8 , 53 ) AND give ( 53 ) AND agent ( 53 , 34 ) AND theme ( 53 , 27 ) AND recipient ( 53 , 19 )
377	Emma ate a hedgehog .	subj_to_obj_common	Emma ( 12 ) ; hedgehog ( 34 ) ; eat ( 27 ) AND agent ( 27 , 12 ) AND theme ( 27 , 34 )
378	The customer supported that a boy proved that the girl gave a hedgehog to a mouse .	subj_to_obj_common	customer ( 12 ) ; boy ( 34 ) ; girl ( 27 ) ; hedgehog ( 19 ) ; mouse ( 42 ) ; support ( 8 ) AND agent ( 8 , 12 ) AND ccomp ( 8 , 13 ) AND prove ( 13 ) AND agent ( 13 , 34 ) AND ccomp ( 13 , 17 ) AND give ( 17 ) AND agent ( 17 , 27 ) AND theme ( 17 , 19 ) AND recipient ( 17 , 42 )
379	Emma stabbed a hedgehog .	subj_to_obj_common	Emma ( 12 ) ; hedgehog ( 34 ) ; stab ( 27 ) AND agent ( 27 , 12 ) AND theme ( 27 , 34 )
380	William rolled Lina .	subj_to_obj_proper	William ( 12 ) ; Lina ( 34 ) ; roll ( 27 ) AND agent ( 27 , 12 ) AND theme ( 27 , 34 )
381	Addison handed Lina to Emma .	subj_to_obj_proper	Addison ( 12 ) ; Lina ( 34 ) ; Emma ( 27 ) ; hand ( 19 ) AND theme ( 19 , 34 ) AND recipient ( 19 , 27 ) AND agent ( 19 , 12 )
382	The girl offered the horse Lina .	subj_to_obj_proper	girl ( 12 ) ; horse ( 34 ) ; Lina ( 27 ) ; offer ( 19 ) AND agent ( 19 , 12 ) AND theme ( 19 , 34 ) AND recipient ( 19 , 27 )
383	Emma cleaned Lina .	subj_to_obj_proper	Emma ( 12 ) ; Lina ( 34 ) ; clean ( 27 ) AND agent ( 27 , 12 ) AND theme ( 27 , 34 )
384	The boy gave the girl Lina .	subj_to_obj_proper	boy ( 12 ) ; girl ( 34 ) ; Lina ( 27 ) ; give ( 19 ) AND agent ( 19 , 12 ) AND recipient ( 19 , 34 ) AND theme ( 19 , 27 )
385	Logan gave the cat Lina .	subj_to_obj_proper	Logan ( 12 ) ; cat ( 34 ) ; Lina ( 27 ) ; give ( 19 ) AND agent ( 19 , 12 ) AND recipient ( 19 , 34 ) AND theme ( 19 , 27 )
386	A king liked that a chicken gave Emma Lina .	subj_to_obj_proper	king ( 12 ) ; chicken ( 34 ) ; Emma ( 27 ) ; Lina ( 19 ) ; like ( 20 ) AND theme ( 20 , 34 ) AND agent ( 20 , 12 ) AND ccomp ( 20 , 53 ) AND give ( 53 ) AND agent ( 53 , 34 ) AND recipient ( 53 , 27 ) AND recipient ( 53 , 19 )
387	Daniel promised Ellie Lina .	subj_to_obj_proper	Daniel ( 12 ) ; Ellie ( 34 ) ; Lina ( 27 ) ; promise ( 19 ) AND agent ( 19 , 12 ) AND recipient ( 19 , 34 ) AND recipient ( 19 , 27 )
388	The duck liked Lina .	subj_to_obj_proper	duck ( 12 ) ; Lina ( 34 ) ; like ( 27 ) AND theme ( 27 , 12 ) AND agent ( 27 , 34 )
389	Caleb sold Ethan Lina .	subj_to_obj_proper	Caleb ( 12 ) ; Ethan ( 34 ) ; Lina ( 27 ) ; sell ( 19 ) AND agent ( 19 , 12 ) AND theme ( 19 , 34 ) AND recipient ( 19 , 27 )
390	Emma believed that Noah gave Liam Lina .	subj_to_obj_proper	Emma ( 12 ) ; Noah ( 34 ) ; Liam ( 27 ) ; Lina ( 19 ) ; believe ( 20 ) AND agent ( 20 , 12 ) AND ccomp ( 20 , 35 ) AND give ( 35 ) AND agent ( 35 , 34 ) AND theme ( 35 , 27 ) AND recipient ( 35 , 19 )
391	Emma passed Lina to a kitty .	subj_to_obj_proper	Emma ( 12 ) ; Lina ( 34 ) ; kitty ( 27 ) ; pass ( 19 ) AND theme ( 19 , 34 ) AND recipient ( 19 , 27 ) AND agent ( 19 , 12 )
392	The princess ate Lina .	subj_to_obj_proper	princess ( 12 ) ; Lina ( 34 ) ; eat ( 27 ) AND agent ( 27 , 12 ) AND theme ( 27 , 34 )
393	Evelyn gave Lina to a journalist .	subj_to_obj_proper	Evelyn ( 12 ) ; Lina ( 34 ) ; journalist ( 27 ) ; give ( 19 ) AND agent ( 19 , 12 ) AND theme ( 19 , 34 ) AND recipient ( 19 , 27 )
394	Oliver dusted Lina .	subj_to_obj_proper	Oliver ( 12 ) ; Lina ( 34 ) ; dust ( 27 ) AND agent ( 27 , 12 ) AND theme ( 27 , 34 )
395	A giraffe mailed Lina to the girl .	subj_to_obj_proper	giraffe ( 12 ) ; Lina ( 34 ) ; * girl ( 27 ) ; mail ( 19 ) AND agent ( 19 , 12 ) AND recipient ( 19 , 34 ) AND theme ( 19 , 27 )
396	Elijah grew Lina .	subj_to_obj_proper	Elijah ( 12 ) ; Lina ( 34 ) ; grow ( 27 ) AND agent ( 27 , 12 ) AND theme ( 27 , 34 )
397	The bear painted Lina .	subj_to_obj_proper	bear ( 12 ) ; Lina ( 34 ) ; paint ( 27 ) AND agent ( 27 , 12 ) AND theme ( 27 , 34 )
398	A butterfly rolled Lina .	subj_to_obj_proper	butterfly ( 12 ) ; Lina ( 34 ) ; roll ( 27 ) AND theme ( 27 , 34 ) AND agent ( 27 , 12 )
399	A scientist gave Penelope Lina .	subj_to_obj_proper	scientist ( 12 ) ; Penelope Lina ( 34 ) ; give ( 27 ) AND agent ( 27 , 12 ) AND recipient ( 27 , 34 )
400	A boy shattered the block on a tree .	unacc_to_transitive	boy ( 12 ) ; block ( 34 ) ; tree ( 27 ) ; shatter ( 19 ) AND agent ( 19 , 12 ) AND theme ( 19 , 34 ) AND nmod . on ( 19 , 27 )
401	Liam shattered the cake beside a table .	unacc_to_transitive	Liam ( 12 ) ; cake ( 34 ) ; table ( 27 ) ; shatter ( 19 ) AND agent ( 19 , 12 ) AND theme ( 19 , 34 ) AND nmod . beside ( 34 , 27 )
402	A girl shattered a block .	unacc_to_transitive	girl ( 12 ) ; block ( 34 ) ; shatter ( 27 ) AND agent ( 27 , 12 ) AND theme ( 27 , 34 )
403	Harper shattered a ball in a house .	unacc_to_transitive	Harper ( 12 ) ; ball ( 34 ) ; house ( 27 ) ; shatter ( 19 ) AND agent ( 19 , 12 ) AND theme ( 19 , 34 ) AND location ( 19 , 27 )
404	The girl shattered a donut .	unacc_to_transitive	girl ( 12 ) ; donut ( 34 ) ; shatter ( 27 ) AND agent ( 27 , 12 ) AND theme ( 27 , 34 )
405	A professor shattered Emily .	unacc_to_transitive	professor ( 12 ) ; Emily ( 34 ) ; shatter ( 27 ) AND agent ( 27 , 12 ) AND theme ( 27 , 34 )
406	The child shattered Olivia .	unacc_to_transitive	child ( 12 ) ; Olivia ( 34 ) ; shatter ( 27 ) AND agent ( 27 , 12 ) AND theme ( 27 , 34 )
407	Alexander shattered the researcher on a mattress .	unacc_to_transitive	Alexander ( 12 ) ; researcher ( 34 ) ; mattress ( 27 ) ; shatter ( 19 ) AND agent ( 19 , 12 ) AND theme ( 19 , 34 ) AND location ( 19 , 27 )
408	William supported that Grace shattered the cookie on the table .	unacc_to_transitive	William ( 12 ) ; Grace ( 34 ) ; * cookie ( 27 ) ; * table ( 19 ) ; support ( 20 ) AND agent ( 20 , 12 ) AND ccomp ( 20 , 34 ) AND shatter ( 30 ) AND theme ( 30 , 27 ) AND nmod . on ( 30 , 19 )
409	The cat shattered a shell in the storage .	unacc_to_transitive	* cat ( 12 ) ; shell ( 34 ) ; * storage ( 27 ) ; nmod . in ( 34 , 27 ) AND shatter ( 19 ) AND agent ( 19 , 12 ) AND theme ( 19 , 34 )
410	Liam shattered the girl .	unacc_to_transitive	Liam ( 12 ) ; girl ( 34 ) ; shatter ( 27 ) AND agent ( 27 , 12 ) AND theme ( 27 , 34 )
411	Carter shattered the cat on the desk .	unacc_to_transitive	Carter ( 12 ) ; cat ( 34 ) ; desk ( 27 ) ; shatter ( 19 ) AND agent ( 19 , 12 ) AND theme ( 19 , 34 ) AND location ( 19 , 27 )
412	Emma shattered a baby .	unacc_to_transitive	Emma ( 12 ) ; baby ( 34 ) ; shatter ( 27 ) AND agent ( 27 , 12 ) AND theme ( 27 , 34 )
413	Emma thought that the farmer shattered William .	unacc_to_transitive	Emma ( 12 ) ; farmer ( 34 ) ; William ( 27 ) ; shatter ( 19 ) AND agent ( 19 , 12 ) AND theme ( 19 , 34 ) AND recipient ( 19 , 27 )
414	Emma shattered the donut .	unacc_to_transitive	Emma ( 12 ) ; donut ( 34 ) ; shatter ( 27 ) AND agent ( 27 , 12 ) AND theme ( 27 , 34 )
415	Emma shattered the baby .	unacc_to_transitive	Emma ( 12 ) ; baby ( 34 ) ; shatter ( 27 ) AND agent ( 27 , 12 ) AND theme ( 27 , 34 )
416	Lucas shattered a cake .	unacc_to_transitive	Lucas ( 12 ) ; cake ( 34 ) ; shatter ( 27 ) AND agent ( 27 , 12 ) AND theme ( 27 , 34 )
417	The politician thought that the lion shattered a donut .	unacc_to_transitive	politician ( 12 ) ; * lion ( 34 ) ; * donut ( 27 ) ; think ( 19 ) AND agent ( 19 , 12 ) AND ccomp ( 19 , 53 ) AND shatter ( 53 ) AND agent ( 53 , 34 ) AND theme ( 53 , 27 )
418	A hero shattered a cake beside a table .	unacc_to_transitive	hero ( 12 ) ; cake ( 34 ) ; table ( 27 ) ; shatter ( 19 ) AND theme ( 19 , 34 ) AND agent ( 19 , 12 ) AND nmod . beside ( 19 , 27 )
419	Mia shattered the raisin on the box .	unacc_to_transitive	Mia ( 12 ) ; raisin ( 34 ) ; box ( 27 ) ; shatter ( 19 ) AND agent ( 19 , 12 ) AND theme ( 19 , 34 ) AND nmod . on ( 19 , 27 )
